--- LOGIC DEBUG LOG INITIALIZED ---
[2026-08-10T21:49:59.638Z] [LOGIC:PARSER] Starting parseHI1Schedule {"textLength":939}
[2026-08-10T21:49:59.638Z] [LOGIC:PARSER] Extracted vacations from HI1 {"vacationCount":1}
[2026-08-10T21:49:59.639Z] [LOGIC:PARSER] Starting parseHI1Schedule {"textLength":939}
[2026-08-10T21:49:59.639Z] [LOGIC:PARSER] Extracted vacations from HI1 {"vacationCount":1}
[2026-08-10T21:50:00.836Z] [LOGIC:PARSER] Starting parseHI1Schedule {"textLength":942}
[2026-08-10T21:50:00.837Z] [LOGIC:PARSER] Extracted vacations from HI1 {"vacationCount":1}
[2026-08-10T21:50:00.837Z] [LOGIC:PARSER] Starting parseHI1Schedule {"textLength":942}
[2026-08-10T21:50:00.848Z] [LOGIC:PARSER] Extracted vacations from HI1 {"vacationCount":1}
[2026-08-10T21:50:01.437Z] [LOGIC:PARSER] Starting parseHI1Schedule {"textLength":960}
[2026-08-10T21:50:01.438Z] [LOGIC:PARSER] Extracted vacations from HI1 {"vacationCount":1}
[2026-08-10T21:50:01.438Z] [LOGIC:PARSER] Identified sequence number on line: 15156 {"day":6,"statusTag":"SKD"}
[2026-08-10T21:50:01.438Z] [LOGIC:PARSER] Extracted TAFB: 5.01 for sequence 15156 
[2026-08-10T21:50:01.439Z] [LOGIC:PARSER] Discarding dropped sequence 15156 
[2026-08-10T21:50:01.439Z] [LOGIC:PARSER] Identified sequence number on line: 14731 {"day":13,"statusTag":"SKD"}
[2026-08-10T21:50:01.439Z] [LOGIC:PARSER] Extracted TAFB: 7.18 for sequence 14731 
[2026-08-10T21:50:01.439Z] [LOGIC:PARSER] Extracted TAFB: 5.50 for sequence 14731 
[2026-08-10T21:50:01.439Z] [LOGIC:PARSER] Saving new sequence 14731 {"days":[13,14,15,16],"statusTag":"SKD","credit":"17.22"}
[2026-08-10T21:50:01.440Z] [LOGIC:PARSER] Identified sequence number on line: 14962 {"day":20,"statusTag":"SKD"}
[2026-08-10T21:50:01.440Z] [LOGIC:PARSER] Extracted TAFB: 6.43 for sequence 14962 
[2026-08-10T21:50:01.440Z] [LOGIC:PARSER] Saving new sequence 14962 {"days":[20],"statusTag":"SKD","credit":"6.43"}
[2026-08-10T21:50:01.440Z] [LOGIC:PARSER] Starting parseHI1Schedule {"textLength":960}
[2026-08-10T21:50:01.441Z] [LOGIC:PARSER] Extracted vacations from HI1 {"vacationCount":1}
[2026-08-10T21:50:01.441Z] [LOGIC:PARSER] Identified sequence number on line: 15156 {"day":6,"statusTag":"SKD"}
[2026-08-10T21:50:01.441Z] [LOGIC:PARSER] Extracted TAFB: 5.01 for sequence 15156 
[2026-08-10T21:50:01.441Z] [LOGIC:PARSER] Discarding dropped sequence 15156 
[2026-08-10T21:50:01.442Z] [LOGIC:PARSER] Identified sequence number on line: 14731 {"day":13,"statusTag":"SKD"}
[2026-08-10T21:50:01.442Z] [LOGIC:PARSER] Extracted TAFB: 7.18 for sequence 14731 
[2026-08-10T21:50:01.442Z] [LOGIC:PARSER] Extracted TAFB: 5.50 for sequence 14731 
[2026-08-10T21:50:01.442Z] [LOGIC:PARSER] Saving new sequence 14731 {"days":[13,14,15,16],"statusTag":"SKD","credit":"17.22"}
[2026-08-10T21:50:01.442Z] [LOGIC:PARSER] Identified sequence number on line: 14962 {"day":20,"statusTag":"SKD"}
[2026-08-10T21:50:01.443Z] [LOGIC:PARSER] Extracted TAFB: 6.43 for sequence 14962 
[2026-08-10T21:50:01.443Z] [LOGIC:PARSER] Saving new sequence 14962 {"days":[20],"statusTag":"SKD","credit":"6.43"}
[2026-08-10T21:50:01.877Z] [LOGIC:PARSER] Starting parseHI1Schedule {"textLength":2836}
[2026-08-10T21:50:01.878Z] [LOGIC:PARSER] Extracted vacations from HI1 {"vacationCount":1}
[2026-08-10T21:50:01.878Z] [LOGIC:PARSER] Identified sequence number on line: 15156 {"day":6,"statusTag":"SKD"}
[2026-08-10T21:50:01.878Z] [LOGIC:PARSER] Extracted TAFB: 5.01 for sequence 15156 
[2026-08-10T21:50:01.878Z] [LOGIC:PARSER] Discarding dropped sequence 15156 
[2026-08-10T21:50:01.879Z] [LOGIC:PARSER] Identified sequence number on line: 14731 {"day":13,"statusTag":"SKD"}
[2026-08-10T21:50:01.879Z] [LOGIC:PARSER] Extracted TAFB: 7.18 for sequence 14731 
[2026-08-10T21:50:01.879Z] [LOGIC:PARSER] Extracted TAFB: 5.50 for sequence 14731 
[2026-08-10T21:50:01.880Z] [LOGIC:PARSER] Saving new sequence 14731 {"days":[13,14,15,16],"statusTag":"SKD","credit":"17.22"}
[2026-08-10T21:50:01.880Z] [LOGIC:PARSER] Identified sequence number on line: 14962 {"day":20,"statusTag":"SKD"}
[2026-08-10T21:50:01.880Z] [LOGIC:PARSER] Extracted TAFB: 6.43 for sequence 14962 
[2026-08-10T21:50:01.880Z] [LOGIC:PARSER] Saving new sequence 14962 {"days":[20],"statusTag":"SKD","credit":"6.43"}
[2026-08-10T21:50:01.881Z] [LOGIC:PARSER] Identified sequence number on line: 14962 {"day":20,"statusTag":"SKD"}
[2026-08-10T21:50:01.881Z] [LOGIC:PARSER] Extracted TAFB: 6.43 for sequence 14962 
[2026-08-10T21:50:01.881Z] [LOGIC:PARSER] Extracted TAFB: 4.49 for sequence 14962 
[2026-08-10T21:50:01.881Z] [LOGIC:PARSER] Extracted TAFB: 6.25 for sequence 14962 
[2026-08-10T21:50:01.882Z] [LOGIC:PARSER] Merging additional days into sequence 14962 {"addedDays":[20,21,22,23],"credit":"22.29"}
[2026-08-10T21:50:01.882Z] [LOGIC:PARSER] Identified sequence number on line: 15101 {"day":27,"statusTag":"SKD"}
[2026-08-10T21:50:01.882Z] [LOGIC:PARSER] Extracted TAFB: 4.48 for sequence 15101 
[2026-08-10T21:50:01.882Z] [LOGIC:PARSER] Extracted TAFB: 5.49 for sequence 15101 
[2026-08-10T21:50:01.883Z] [LOGIC:PARSER] Saving new sequence 15101 {"days":[27,28,29,30],"statusTag":"SKD","credit":"16.26"}
[2026-08-10T21:50:02.037Z] [LOGIC:PARSER] Starting parseHI1Schedule {"textLength":938}
[2026-08-10T21:50:02.037Z] [LOGIC:PARSER] Extracted vacations from HI1 {"vacationCount":0}
[2026-08-10T21:50:02.037Z] [LOGIC:PARSER] Identified sequence number on line: 14962 {"day":20,"statusTag":"SKD"}
[2026-08-10T21:50:02.038Z] [LOGIC:PARSER] Extracted TAFB: 6.43 for sequence 14962 
[2026-08-10T21:50:02.038Z] [LOGIC:PARSER] Extracted TAFB: 4.49 for sequence 14962 
[2026-08-10T21:50:02.038Z] [LOGIC:PARSER] Extracted TAFB: 6.25 for sequence 14962 
[2026-08-10T21:50:02.038Z] [LOGIC:PARSER] Saving new sequence 14962 {"days":[20,21,22,23],"statusTag":"SKD","credit":"22.29"}
[2026-08-10T21:50:02.038Z] [LOGIC:PARSER] Identified sequence number on line: 15101 {"day":27,"statusTag":"SKD"}
[2026-08-10T21:50:02.039Z] [LOGIC:PARSER] Extracted TAFB: 4.48 for sequence 15101 
[2026-08-10T21:50:02.039Z] [LOGIC:PARSER] Extracted TAFB: 5.49 for sequence 15101 
[2026-08-10T21:50:02.039Z] [LOGIC:PARSER] Saving new sequence 15101 {"days":[27,28,29,30],"statusTag":"SKD","credit":"16.26"}
[2026-08-10T21:50:02.039Z] [LOGIC:PARSER] Starting parseHI1Schedule {"textLength":938}
[2026-08-10T21:50:02.040Z] [LOGIC:PARSER] Extracted vacations from HI1 {"vacationCount":0}
[2026-08-10T21:50:02.040Z] [LOGIC:PARSER] Identified sequence number on line: 14962 {"day":20,"statusTag":"SKD"}
[2026-08-10T21:50:02.040Z] [LOGIC:PARSER] Extracted TAFB: 6.43 for sequence 14962 
[2026-08-10T21:50:02.040Z] [LOGIC:PARSER] Extracted TAFB: 4.49 for sequence 14962 
[2026-08-10T21:50:02.041Z] [LOGIC:PARSER] Extracted TAFB: 6.25 for sequence 14962 
[2026-08-10T21:50:02.041Z] [LOGIC:PARSER] Saving new sequence 14962 {"days":[20,21,22,23],"statusTag":"SKD","credit":"22.29"}
[2026-08-10T21:50:02.041Z] [LOGIC:PARSER] Identified sequence number on line: 15101 {"day":27,"statusTag":"SKD"}
[2026-08-10T21:50:02.041Z] [LOGIC:PARSER] Extracted TAFB: 4.48 for sequence 15101 
[2026-08-10T21:50:02.042Z] [LOGIC:PARSER] Extracted TAFB: 5.49 for sequence 15101 
[2026-08-10T21:50:02.042Z] [LOGIC:PARSER] Saving new sequence 15101 {"days":[27,28,29,30],"statusTag":"SKD","credit":"16.26"}
[2026-08-10T21:50:14.940Z] [LOGIC:PARSER] Starting parseHI1Schedule {"textLength":941}
[2026-08-10T21:50:14.940Z] [LOGIC:PARSER] Extracted vacations from HI1 {"vacationCount":0}
[2026-08-10T21:50:14.940Z] [LOGIC:PARSER] Identified sequence number on line: 14962 {"day":20,"statusTag":"SKD"}
[2026-08-10T21:50:14.941Z] [LOGIC:PARSER] Extracted TAFB: 6.43 for sequence 14962 
[2026-08-10T21:50:14.941Z] [LOGIC:PARSER] Extracted TAFB: 4.49 for sequence 14962 
[2026-08-10T21:50:14.941Z] [LOGIC:PARSER] Extracted TAFB: 6.25 for sequence 14962 
[2026-08-10T21:50:14.941Z] [LOGIC:PARSER] Saving new sequence 14962 {"days":[20,21,22,23],"statusTag":"SKD","credit":"22.29"}
[2026-08-10T21:50:14.942Z] [LOGIC:PARSER] Identified sequence number on line: 15101 {"day":27,"statusTag":"SKD"}
[2026-08-10T21:50:14.942Z] [LOGIC:PARSER] Extracted TAFB: 4.48 for sequence 15101 
[2026-08-10T21:50:14.942Z] [LOGIC:PARSER] Extracted TAFB: 5.49 for sequence 15101 
[2026-08-10T21:50:14.942Z] [LOGIC:PARSER] Saving new sequence 15101 {"days":[27,28,29,30],"statusTag":"SKD","credit":"16.26"}
[2026-08-10T21:50:14.943Z] [LOGIC:PARSER] Starting parseHI1Schedule {"textLength":941}
[2026-08-10T21:50:14.943Z] [LOGIC:PARSER] Extracted vacations from HI1 {"vacationCount":0}
[2026-08-10T21:50:14.943Z] [LOGIC:PARSER] Identified sequence number on line: 14962 {"day":20,"statusTag":"SKD"}
[2026-08-10T21:50:14.943Z] [LOGIC:PARSER] Extracted TAFB: 6.43 for sequence 14962 
[2026-08-10T21:50:14.943Z] [LOGIC:PARSER] Extracted TAFB: 4.49 for sequence 14962 
[2026-08-10T21:50:14.944Z] [LOGIC:PARSER] Extracted TAFB: 6.25 for sequence 14962 
[2026-08-10T21:50:14.944Z] [LOGIC:PARSER] Saving new sequence 14962 {"days":[20,21,22,23],"statusTag":"SKD","credit":"22.29"}
[2026-08-10T21:50:14.944Z] [LOGIC:PARSER] Identified sequence number on line: 15101 {"day":27,"statusTag":"SKD"}
[2026-08-10T21:50:14.944Z] [LOGIC:PARSER] Extracted TAFB: 4.48 for sequence 15101 
[2026-08-10T21:50:14.945Z] [LOGIC:PARSER] Extracted TAFB: 5.49 for sequence 15101 
[2026-08-10T21:50:14.945Z] [LOGIC:PARSER] Saving new sequence 15101 {"days":[27,28,29,30],"statusTag":"SKD","credit":"16.26"}
[2026-08-10T21:50:15.240Z] [LOGIC:PARSER] Starting parseHI1Schedule {"textLength":948}
[2026-08-10T21:50:15.240Z] [LOGIC:PARSER] Extracted vacations from HI1 {"vacationCount":0}
[2026-08-10T21:50:15.241Z] [LOGIC:PARSER] Identified sequence number on line: 14962 {"day":20,"statusTag":"SKD"}
[2026-08-10T21:50:15.241Z] [LOGIC:PARSER] Extracted TAFB: 6.43 for sequence 14962 
[2026-08-10T21:50:15.241Z] [LOGIC:PARSER] Extracted TAFB: 4.49 for sequence 14962 
[2026-08-10T21:50:15.241Z] [LOGIC:PARSER] Extracted TAFB: 6.25 for sequence 14962 
[2026-08-10T21:50:15.242Z] [LOGIC:PARSER] Saving new sequence 14962 {"days":[20,21,22,23],"statusTag":"SKD","credit":"22.29"}
[2026-08-10T21:50:15.242Z] [LOGIC:PARSER] Identified sequence number on line: 15101 {"day":27,"statusTag":"SKD"}
[2026-08-10T21:50:15.242Z] [LOGIC:PARSER] Extracted TAFB: 4.48 for sequence 15101 
[2026-08-10T21:50:15.242Z] [LOGIC:PARSER] Extracted TAFB: 5.49 for sequence 15101 
[2026-08-10T21:50:15.242Z] [LOGIC:PARSER] Saving new sequence 15101 {"days":[27,28,29,30],"statusTag":"SKD","credit":"16.26"}
[2026-08-10T21:50:15.243Z] [LOGIC:PARSER] Starting parseHI1Schedule {"textLength":948}
[2026-08-10T21:50:15.243Z] [LOGIC:PARSER] Extracted vacations from HI1 {"vacationCount":0}
[2026-08-10T21:50:15.243Z] [LOGIC:PARSER] Identified sequence number on line: 14962 {"day":20,"statusTag":"SKD"}
[2026-08-10T21:50:15.243Z] [LOGIC:PARSER] Extracted TAFB: 6.43 for sequence 14962 
[2026-08-10T21:50:15.244Z] [LOGIC:PARSER] Extracted TAFB: 4.49 for sequence 14962 
[2026-08-10T21:50:15.244Z] [LOGIC:PARSER] Extracted TAFB: 6.25 for sequence 14962 
[2026-08-10T21:50:15.244Z] [LOGIC:PARSER] Saving new sequence 14962 {"days":[20,21,22,23],"statusTag":"SKD","credit":"22.29"}
[2026-08-10T21:50:15.244Z] [LOGIC:PARSER] Identified sequence number on line: 15101 {"day":27,"statusTag":"SKD"}
[2026-08-10T21:50:15.244Z] [LOGIC:PARSER] Extracted TAFB: 4.48 for sequence 15101 
[2026-08-10T21:50:15.245Z] [LOGIC:PARSER] Extracted TAFB: 5.49 for sequence 15101 
[2026-08-10T21:50:15.245Z] [LOGIC:PARSER] Saving new sequence 15101 {"days":[27,28,29,30],"statusTag":"SKD","credit":"16.26"}
[2026-08-10T21:50:15.836Z] [LOGIC:PARSER] Starting parseHI1Schedule {"textLength":957}
[2026-08-10T21:50:15.837Z] [LOGIC:PARSER] Extracted vacations from HI1 {"vacationCount":0}
[2026-08-10T21:50:15.837Z] [LOGIC:PARSER] Identified sequence number on line: 14962 {"day":20,"statusTag":"SKD"}
[2026-08-10T21:50:15.837Z] [LOGIC:PARSER] Extracted TAFB: 6.43 for sequence 14962 
[2026-08-10T21:50:15.838Z] [LOGIC:PARSER] Extracted TAFB: 4.49 for sequence 14962 
[2026-08-10T21:50:15.838Z] [LOGIC:PARSER] Extracted TAFB: 6.25 for sequence 14962 
[2026-08-10T21:50:15.838Z] [LOGIC:PARSER] Saving new sequence 14962 {"days":[20,21,22,23],"statusTag":"SKD","credit":"22.29"}
[2026-08-10T21:50:15.839Z] [LOGIC:PARSER] Identified sequence number on line: 15101 {"day":27,"statusTag":"SKD"}
[2026-08-10T21:50:15.839Z] [LOGIC:PARSER] Extracted TAFB: 4.48 for sequence 15101 
[2026-08-10T21:50:15.839Z] [LOGIC:PARSER] Extracted TAFB: 5.49 for sequence 15101 
[2026-08-10T21:50:15.839Z] [LOGIC:PARSER] Saving new sequence 15101 {"days":[27,28,29,30],"statusTag":"SKD","credit":"16.26"}
[2026-08-10T21:50:15.840Z] [LOGIC:PARSER] Starting parseHI1Schedule {"textLength":957}
[2026-08-10T21:50:15.840Z] [LOGIC:PARSER] Extracted vacations from HI1 {"vacationCount":0}
[2026-08-10T21:50:15.840Z] [LOGIC:PARSER] Identified sequence number on line: 14962 {"day":20,"statusTag":"SKD"}
[2026-08-10T21:50:15.840Z] [LOGIC:PARSER] Extracted TAFB: 6.43 for sequence 14962 
[2026-08-10T21:50:15.841Z] [LOGIC:PARSER] Extracted TAFB: 4.49 for sequence 14962 
[2026-08-10T21:50:15.841Z] [LOGIC:PARSER] Extracted TAFB: 6.25 for sequence 14962 
[2026-08-10T21:50:15.841Z] [LOGIC:PARSER] Saving new sequence 14962 {"days":[20,21,22,23],"statusTag":"SKD","credit":"22.29"}
[2026-08-10T21:50:15.842Z] [LOGIC:PARSER] Identified sequence number on line: 15101 {"day":27,"statusTag":"SKD"}
[2026-08-10T21:50:15.842Z] [LOGIC:PARSER] Extracted TAFB: 4.48 for sequence 15101 
[2026-08-10T21:50:15.842Z] [LOGIC:PARSER] Extracted TAFB: 5.49 for sequence 15101 
[2026-08-10T21:50:15.843Z] [LOGIC:PARSER] Saving new sequence 15101 {"days":[27,28,29,30],"statusTag":"SKD","credit":"16.26"}
[2026-08-10T22:03:02.942Z] [LOGIC:PARSER] Starting parseHI1Schedule {"textLength":965}
[2026-08-10T22:03:02.942Z] [LOGIC:PARSER] Extracted vacations from HI1 {"vacationCount":0}
[2026-08-10T22:03:02.942Z] [LOGIC:PARSER] Identified sequence number on line: 14962 {"day":20,"statusTag":"SKD"}
[2026-08-10T22:03:02.943Z] [LOGIC:PARSER] Extracted TAFB: 6.43 for sequence 14962 
[2026-08-10T22:03:02.943Z] [LOGIC:PARSER] Extracted TAFB: 4.49 for sequence 14962 
[2026-08-10T22:03:02.943Z] [LOGIC:PARSER] Extracted TAFB: 6.25 for sequence 14962 
[2026-08-10T22:03:02.943Z] [LOGIC:PARSER] Saving new sequence 14962 {"days":[20,21,22,23],"statusTag":"SKD","credit":"22.29"}
[2026-08-10T22:03:02.944Z] [LOGIC:PARSER] Identified sequence number on line: 15101 {"day":27,"statusTag":"SKD"}
[2026-08-10T22:03:02.944Z] [LOGIC:PARSER] Extracted TAFB: 4.48 for sequence 15101 
[2026-08-10T22:03:02.944Z] [LOGIC:PARSER] Extracted TAFB: 5.49 for sequence 15101 
[2026-08-10T22:03:02.945Z] [LOGIC:PARSER] Saving new sequence 15101 {"days":[27,28,29,30],"statusTag":"SKD","credit":"16.26"}
[2026-08-10T22:03:02.945Z] [LOGIC:PARSER] Starting parseHI1Schedule {"textLength":965}
[2026-08-10T22:03:02.945Z] [LOGIC:PARSER] Extracted vacations from HI1 {"vacationCount":0}
[2026-08-10T22:03:02.945Z] [LOGIC:PARSER] Identified sequence number on line: 14962 {"day":20,"statusTag":"SKD"}
[2026-08-10T22:03:02.946Z] [LOGIC:PARSER] Extracted TAFB: 6.43 for sequence 14962 
[2026-08-10T22:03:02.946Z] [LOGIC:PARSER] Extracted TAFB: 4.49 for sequence 14962 
[2026-08-10T22:03:02.946Z] [LOGIC:PARSER] Extracted TAFB: 6.25 for sequence 14962 
[2026-08-10T22:03:02.946Z] [LOGIC:PARSER] Saving new sequence 14962 {"days":[20,21,22,23],"statusTag":"SKD","credit":"22.29"}
[2026-08-10T22:03:02.946Z] [LOGIC:PARSER] Identified sequence number on line: 15101 {"day":27,"statusTag":"SKD"}
[2026-08-10T22:03:02.947Z] [LOGIC:PARSER] Extracted TAFB: 4.48 for sequence 15101 
[2026-08-10T22:03:02.947Z] [LOGIC:PARSER] Extracted TAFB: 5.49 for sequence 15101 
[2026-08-10T22:03:02.947Z] [LOGIC:PARSER] Saving new sequence 15101 {"days":[27,28,29,30],"statusTag":"SKD","credit":"16.26"}
[2026-08-10T22:03:03.236Z] [LOGIC:PARSER] Starting parseHI1Schedule {"textLength":967}
[2026-08-10T22:03:03.236Z] [LOGIC:PARSER] Extracted vacations from HI1 {"vacationCount":0}
[2026-08-10T22:03:03.237Z] [LOGIC:PARSER] Identified sequence number on line: 14962 {"day":20,"statusTag":"SKD"}
[2026-08-10T22:03:03.237Z] [LOGIC:PARSER] Extracted TAFB: 6.43 for sequence 14962 
[2026-08-10T22:03:03.237Z] [LOGIC:PARSER] Extracted TAFB: 4.49 for sequence 14962 
[2026-08-10T22:03:03.237Z] [LOGIC:PARSER] Extracted TAFB: 6.25 for sequence 14962 
[2026-08-10T22:03:03.238Z] [LOGIC:PARSER] Saving new sequence 14962 {"days":[20,21,22,23],"statusTag":"SKD","credit":"22.29"}
[2026-08-10T22:03:03.238Z] [LOGIC:PARSER] Identified sequence number on line: 15101 {"day":27,"statusTag":"SKD"}
[2026-08-10T22:03:03.238Z] [LOGIC:PARSER] Extracted TAFB: 4.48 for sequence 15101 
[2026-08-10T22:03:03.238Z] [LOGIC:PARSER] Extracted TAFB: 5.49 for sequence 15101 
[2026-08-10T22:03:03.239Z] [LOGIC:PARSER] Saving new sequence 15101 {"days":[27,28,29,30],"statusTag":"SKD","credit":"16.26"}
[2026-08-10T22:03:03.239Z] [LOGIC:PARSER] Starting parseHI1Schedule {"textLength":967}
[2026-08-10T22:03:03.239Z] [LOGIC:PARSER] Extracted vacations from HI1 {"vacationCount":0}
[2026-08-10T22:03:03.239Z] [LOGIC:PARSER] Identified sequence number on line: 14962 {"day":20,"statusTag":"SKD"}
[2026-08-10T22:03:03.239Z] [LOGIC:PARSER] Extracted TAFB: 6.43 for sequence 14962 
[2026-08-10T22:03:03.240Z] [LOGIC:PARSER] Extracted TAFB: 4.49 for sequence 14962 
[2026-08-10T22:03:03.240Z] [LOGIC:PARSER] Extracted TAFB: 6.25 for sequence 14962 
[2026-08-10T22:03:03.240Z] [LOGIC:PARSER] Saving new sequence 14962 {"days":[20,21,22,23],"statusTag":"SKD","credit":"22.29"}
[2026-08-10T22:03:03.240Z] [LOGIC:PARSER] Identified sequence number on line: 15101 {"day":27,"statusTag":"SKD"}
[2026-08-10T22:03:03.240Z] [LOGIC:PARSER] Extracted TAFB: 4.48 for sequence 15101 
[2026-08-10T22:03:03.241Z] [LOGIC:PARSER] Extracted TAFB: 5.49 for sequence 15101 
[2026-08-10T22:03:03.241Z] [LOGIC:PARSER] Saving new sequence 15101 {"days":[27,28,29,30],"statusTag":"SKD","credit":"16.26"}
[2026-08-10T22:10:47.942Z] [LOGIC:PARSER] Starting parseHI1Schedule {"textLength":2520}
[2026-08-10T22:10:47.942Z] [LOGIC:PARSER] Extracted vacations from HI1 {"vacationCount":0}
[2026-08-10T22:10:47.942Z] [LOGIC:PARSER] Identified sequence number on line: 17352 {"day":6,"statusTag":"SKD"}
[2026-08-10T22:10:47.943Z] [LOGIC:PARSER] Extracted TAFB: 6.50 for sequence 17352 
[2026-08-10T22:10:47.943Z] [LOGIC:PARSER] Identified sequence number on line: 21649 {"day":6,"statusTag":"TT"}
[2026-08-10T22:10:47.943Z] [LOGIC:PARSER] Sequence transition detected from 17352 to 21649 
[2026-08-10T22:10:47.943Z] [LOGIC:PARSER] Saving new sequence 17352 {"days":[6,7,8],"statusTag":"TT","credit":"0.00"}
[2026-08-10T22:10:47.944Z] [LOGIC:PARSER] Extracted TAFB: 6.48 for sequence 21649 
[2026-08-10T22:10:47.944Z] [LOGIC:PARSER] Saving new sequence 21649 {"days":[6,7,8],"statusTag":"TT","credit":"17.34"}
[2026-08-10T22:10:47.944Z] [LOGIC:PARSER] Identified sequence number on line: 17475 {"day":11,"statusTag":"SKD"}
[2026-08-10T22:10:47.945Z] [LOGIC:PARSER] Extracted TAFB: 8.59 for sequence 17475 
[2026-08-10T22:10:47.945Z] [LOGIC:PARSER] Identified sequence number on line: 18080 {"day":11,"statusTag":"SKD"}
[2026-08-10T22:10:47.945Z] [LOGIC:PARSER] Sequence transition detected from 17475 to 18080 
[2026-08-10T22:10:47.945Z] [LOGIC:PARSER] Saving new sequence 17475 {"days":[11,12,13,14],"statusTag":"SKD","credit":"0.00"}
[2026-08-10T22:10:47.946Z] [LOGIC:PARSER] Extracted TAFB: 5.28 for sequence 18080 
[2026-08-10T22:10:47.946Z] [LOGIC:PARSER] Extracted TAFB: 8.00 for sequence 18080 
[2026-08-10T22:10:47.946Z] [LOGIC:PARSER] Identified sequence number on line: 18080 {"day":11,"statusTag":"SKD"}
[2026-08-10T22:10:47.947Z] [LOGIC:PARSER] Extracted TAFB: 5.28 for sequence 18080 
[2026-08-10T22:10:47.947Z] [LOGIC:PARSER] Saving new sequence 18080 {"days":[11,12,13,14],"statusTag":"SKD","credit":"15.37"}
[2026-08-10T22:10:47.947Z] [LOGIC:PARSER] Identified sequence number on line: 21514 {"day":15,"statusTag":"SKD"}
[2026-08-10T22:10:47.947Z] [LOGIC:PARSER] Saving new sequence 21514 {"days":[15],"statusTag":"OT","credit":"0.00"}
[2026-08-10T22:10:47.947Z] [LOGIC:PARSER] Identified sequence number on line: 21614 {"day":17,"statusTag":"SKD"}
[2026-08-10T22:10:47.948Z] [LOGIC:PARSER] Extracted TAFB: 7.27 for sequence 21614 
[2026-08-10T22:10:47.948Z] [LOGIC:PARSER] Saving new sequence 21614 {"days":[17],"statusTag":"SKD","credit":"7.27"}
[2026-08-10T22:10:47.948Z] [LOGIC:PARSER] Identified sequence number on line: 21614 {"day":17,"statusTag":"SKD"}
[2026-08-10T22:10:47.949Z] [LOGIC:PARSER] Identified sequence number on line: 21596 {"day":18,"statusTag":"OT"}
[2026-08-10T22:10:47.949Z] [LOGIC:PARSER] Sequence transition detected from 21614 to 21596 
[2026-08-10T22:10:47.949Z] [LOGIC:PARSER] Merging additional days into sequence 21614 {"addedDays":[17],"credit":"0.00"}
[2026-08-10T22:10:47.949Z] [LOGIC:PARSER] Identified sequence number on line: 17495 {"day":18,"statusTag":"SKD"}
[2026-08-10T22:10:47.950Z] [LOGIC:PARSER] Sequence transition detected from 21596 to 17495 
[2026-08-10T22:10:47.950Z] [LOGIC:PARSER] Saving new sequence 21596 {"days":[18],"statusTag":"SKD","credit":"1.09"}
[2026-08-10T22:10:47.950Z] [LOGIC:PARSER] Extracted TAFB: 6.24 for sequence 17495 
[2026-08-10T22:10:47.950Z] [LOGIC:PARSER] Extracted TAFB: 5.17 for sequence 17495 
[2026-08-10T22:10:47.951Z] [LOGIC:PARSER] Saving new sequence 17495 {"days":[18,19,20,21],"statusTag":"SKD","credit":"17.23"}
[2026-08-10T22:10:47.951Z] [LOGIC:PARSER] Identified sequence number on line: 21566 {"day":23,"statusTag":"SKD"}
[2026-08-10T22:10:47.951Z] [LOGIC:PARSER] Saving new sequence 21566 {"days":[23],"statusTag":"OT","credit":"3.58"}
[2026-08-10T22:10:47.951Z] [LOGIC:PARSER] Identified sequence number on line: 17333 {"day":24,"statusTag":"SKD"}
[2026-08-10T22:10:47.952Z] [LOGIC:PARSER] Extracted TAFB: 5.33 for sequence 17333 
[2026-08-10T22:10:47.952Z] [LOGIC:PARSER] Extracted TAFB: 5.01 for sequence 17333 
[2026-08-10T22:10:47.952Z] [LOGIC:PARSER] Saving new sequence 17333 {"days":[24,25,26],"statusTag":"SKD","credit":"13.33"}
[2026-08-10T22:10:47.952Z] [LOGIC:PARSER] Identified sequence number on line: 17894 {"day":27,"statusTag":"SKD"}
[2026-08-10T22:10:47.953Z] [LOGIC:PARSER] Saving new sequence 17894 {"days":[27,28],"statusTag":"TT","credit":"10.45"}
[2026-08-10T22:10:47.953Z] [LOGIC:PARSER] Identified sequence number on line: 17270 {"day":30,"statusTag":"SKD"}
[2026-08-10T22:10:47.953Z] [LOGIC:PARSER] Extracted TAFB: 5.31 for sequence 17270 
[2026-08-10T22:10:47.953Z] [LOGIC:PARSER] Extracted TAFB: 3.54 for sequence 17270 
[2026-08-10T22:10:47.953Z] [LOGIC:PARSER] Saving new sequence 17270 {"days":[30,31],"statusTag":"SKD","credit":"9.25"}
[2026-08-10T22:10:47.954Z] [LOGIC:PARSER] Starting parseHI1Schedule {"textLength":1506}
[2026-08-10T22:10:47.954Z] [LOGIC:PARSER] Extracted vacations from HI1 {"vacationCount":0}
[2026-08-10T22:10:47.955Z] [LOGIC:PARSER] Starting parseHI1Schedule {"textLength":1862}
[2026-08-10T22:10:47.955Z] [LOGIC:PARSER] Extracted vacations from HI1 {"vacationCount":0}
[2026-08-10T22:10:47.956Z] [LOGIC:PARSER] Starting parseHI1Schedule {"textLength":615}
[2026-08-10T22:10:47.956Z] [LOGIC:PARSER] Extracted vacations from HI1 {"vacationCount":0}
[2026-08-10T22:10:47.956Z] [LOGIC:PARSER] Starting parseHI1Schedule {"textLength":835}
[2026-08-10T22:10:47.956Z] [LOGIC:PARSER] Extracted vacations from HI1 {"vacationCount":0}
[2026-08-10T22:10:47.957Z] [LOGIC:PARSER] Starting parseHI1Schedule {"textLength":1859}
[2026-08-10T22:10:47.957Z] [LOGIC:PARSER] Extracted vacations from HI1 {"vacationCount":0}
[2026-08-10T22:10:47.957Z] [LOGIC:PARSER] Starting parseHI1Schedule {"textLength":461}
[2026-08-10T22:10:47.958Z] [LOGIC:PARSER] Extracted vacations from HI1 {"vacationCount":0}
[2026-08-10T22:10:47.958Z] [LOGIC:PARSER] Starting parseHI1Schedule {"textLength":600}
[2026-08-10T22:10:47.958Z] [LOGIC:PARSER] Extracted vacations from HI1 {"vacationCount":0}
[2026-08-10T22:10:47.958Z] [LOGIC:PARSER] Starting parseHI1Schedule {"textLength":673}
[2026-08-10T22:10:47.959Z] [LOGIC:PARSER] Extracted vacations from HI1 {"vacationCount":0}
[2026-08-10T22:10:47.959Z] [LOGIC:PARSER] Starting parseHI1Schedule {"textLength":1951}
[2026-08-10T22:10:47.959Z] [LOGIC:PARSER] Extracted vacations from HI1 {"vacationCount":0}
[2026-08-10T22:10:47.959Z] [LOGIC:PARSER] Starting parseHI1Schedule {"textLength":938}
[2026-08-10T22:10:47.959Z] [LOGIC:PARSER] Extracted vacations from HI1 {"vacationCount":0}
[2026-08-10T22:15:58.351Z] [LOGIC:PARSER] Starting parseHI1Schedule {"textLength":2520}
[2026-08-10T22:15:58.352Z] [LOGIC:PARSER] Extracted vacations from HI1 {"vacationCount":0}
[2026-08-10T22:15:58.352Z] [LOGIC:PARSER] Identified sequence number on line: 17352 {"day":6,"statusTag":"SKD"}
[2026-08-10T22:15:58.352Z] [LOGIC:PARSER] Extracted TAFB: 6.50 for sequence 17352 
[2026-08-10T22:15:58.353Z] [LOGIC:PARSER] Identified sequence number on line: 21649 {"day":6,"statusTag":"TT"}
[2026-08-10T22:15:58.353Z] [LOGIC:PARSER] Sequence transition detected from 17352 to 21649 
[2026-08-10T22:15:58.353Z] [LOGIC:PARSER] Saving new sequence 17352 {"days":[6,7,8],"statusTag":"TT","credit":"0.00"}
[2026-08-10T22:15:58.353Z] [LOGIC:PARSER] Extracted TAFB: 6.48 for sequence 21649 
[2026-08-10T22:15:58.354Z] [LOGIC:PARSER] Saving new sequence 21649 {"days":[6,7,8],"statusTag":"TT","credit":"17.34"}
[2026-08-10T22:15:58.354Z] [LOGIC:PARSER] Identified sequence number on line: 17475 {"day":11,"statusTag":"SKD"}
[2026-08-10T22:15:58.354Z] [LOGIC:PARSER] Extracted TAFB: 8.59 for sequence 17475 
[2026-08-10T22:15:58.354Z] [LOGIC:PARSER] Identified sequence number on line: 18080 {"day":11,"statusTag":"SKD"}
[2026-08-10T22:15:58.355Z] [LOGIC:PARSER] Sequence transition detected from 17475 to 18080 
[2026-08-10T22:15:58.355Z] [LOGIC:PARSER] Saving new sequence 17475 {"days":[11,12,13,14],"statusTag":"SKD","credit":"0.00"}
[2026-08-10T22:15:58.355Z] [LOGIC:PARSER] Extracted TAFB: 5.28 for sequence 18080 
[2026-08-10T22:15:58.355Z] [LOGIC:PARSER] Extracted TAFB: 8.00 for sequence 18080 
[2026-08-10T22:15:58.355Z] [LOGIC:PARSER] Identified sequence number on line: 18080 {"day":11,"statusTag":"SKD"}
[2026-08-10T22:15:58.356Z] [LOGIC:PARSER] Extracted TAFB: 5.28 for sequence 18080 
[2026-08-10T22:15:58.356Z] [LOGIC:PARSER] Saving new sequence 18080 {"days":[11,12,13,14],"statusTag":"SKD","credit":"15.37"}
[2026-08-10T22:15:58.356Z] [LOGIC:PARSER] Identified sequence number on line: 21514 {"day":15,"statusTag":"SKD"}
[2026-08-10T22:15:58.356Z] [LOGIC:PARSER] Saving new sequence 21514 {"days":[15],"statusTag":"OT","credit":"0.00"}
[2026-08-10T22:15:58.356Z] [LOGIC:PARSER] Identified sequence number on line: 21614 {"day":17,"statusTag":"SKD"}
[2026-08-10T22:15:58.357Z] [LOGIC:PARSER] Extracted TAFB: 7.27 for sequence 21614 
[2026-08-10T22:15:58.357Z] [LOGIC:PARSER] Saving new sequence 21614 {"days":[17],"statusTag":"SKD","credit":"7.27"}
[2026-08-10T22:15:58.357Z] [LOGIC:PARSER] Identified sequence number on line: 21614 {"day":17,"statusTag":"SKD"}
[2026-08-10T22:15:58.357Z] [LOGIC:PARSER] Identified sequence number on line: 21596 {"day":18,"statusTag":"OT"}
[2026-08-10T22:15:58.357Z] [LOGIC:PARSER] Sequence transition detected from 21614 to 21596 
[2026-08-10T22:15:58.358Z] [LOGIC:PARSER] Merging additional days into sequence 21614 {"addedDays":[17],"credit":"0.00"}
[2026-08-10T22:15:58.358Z] [LOGIC:PARSER] Identified sequence number on line: 17495 {"day":18,"statusTag":"SKD"}
[2026-08-10T22:15:58.358Z] [LOGIC:PARSER] Sequence transition detected from 21596 to 17495 
[2026-08-10T22:15:58.358Z] [LOGIC:PARSER] Saving new sequence 21596 {"days":[18],"statusTag":"SKD","credit":"1.09"}
[2026-08-10T22:15:58.358Z] [LOGIC:PARSER] Extracted TAFB: 6.24 for sequence 17495 
[2026-08-10T22:15:58.359Z] [LOGIC:PARSER] Extracted TAFB: 5.17 for sequence 17495 
[2026-08-10T22:15:58.359Z] [LOGIC:PARSER] Saving new sequence 17495 {"days":[18,19,20,21],"statusTag":"SKD","credit":"17.23"}
[2026-08-10T22:15:58.359Z] [LOGIC:PARSER] Identified sequence number on line: 21566 {"day":23,"statusTag":"SKD"}
[2026-08-10T22:15:58.359Z] [LOGIC:PARSER] Saving new sequence 21566 {"days":[23],"statusTag":"OT","credit":"3.58"}
[2026-08-10T22:15:58.360Z] [LOGIC:PARSER] Identified sequence number on line: 17333 {"day":24,"statusTag":"SKD"}
[2026-08-10T22:15:58.360Z] [LOGIC:PARSER] Extracted TAFB: 5.33 for sequence 17333 
[2026-08-10T22:15:58.360Z] [LOGIC:PARSER] Extracted TAFB: 5.01 for sequence 17333 
[2026-08-10T22:15:58.360Z] [LOGIC:PARSER] Saving new sequence 17333 {"days":[24,25,26],"statusTag":"SKD","credit":"13.33"}
[2026-08-10T22:15:58.360Z] [LOGIC:PARSER] Identified sequence number on line: 17894 {"day":27,"statusTag":"SKD"}
[2026-08-10T22:15:58.361Z] [LOGIC:PARSER] Saving new sequence 17894 {"days":[27,28],"statusTag":"TT","credit":"10.45"}
[2026-08-10T22:15:58.361Z] [LOGIC:PARSER] Identified sequence number on line: 17270 {"day":30,"statusTag":"SKD"}
[2026-08-10T22:15:58.361Z] [LOGIC:PARSER] Extracted TAFB: 5.31 for sequence 17270 
[2026-08-10T22:15:58.361Z] [LOGIC:PARSER] Extracted TAFB: 3.54 for sequence 17270 
[2026-08-10T22:15:58.361Z] [LOGIC:PARSER] Saving new sequence 17270 {"days":[30,31],"statusTag":"SKD","credit":"9.25"}
[2026-08-10T22:15:58.362Z] [LOGIC:PARSER] Starting parseHI1Schedule {"textLength":1506}
[2026-08-10T22:15:58.362Z] [LOGIC:PARSER] Extracted vacations from HI1 {"vacationCount":0}
[2026-08-10T22:15:58.362Z] [LOGIC:PARSER] Starting parseHI1Schedule {"textLength":1862}
[2026-08-10T22:15:58.362Z] [LOGIC:PARSER] Extracted vacations from HI1 {"vacationCount":0}
[2026-08-10T22:15:58.362Z] [LOGIC:PARSER] Starting parseHI1Schedule {"textLength":615}
[2026-08-10T22:15:58.363Z] [LOGIC:PARSER] Extracted vacations from HI1 {"vacationCount":0}
[2026-08-10T22:15:58.363Z] [LOGIC:PARSER] Starting parseHI1Schedule {"textLength":835}
[2026-08-10T22:15:58.363Z] [LOGIC:PARSER] Extracted vacations from HI1 {"vacationCount":0}
[2026-08-10T22:15:58.363Z] [LOGIC:PARSER] Starting parseHI1Schedule {"textLength":1859}
[2026-08-10T22:15:58.363Z] [LOGIC:PARSER] Extracted vacations from HI1 {"vacationCount":0}
[2026-08-10T22:15:58.364Z] [LOGIC:PARSER] Starting parseHI1Schedule {"textLength":461}
[2026-08-10T22:15:58.364Z] [LOGIC:PARSER] Extracted vacations from HI1 {"vacationCount":0}
[2026-08-10T22:15:58.364Z] [LOGIC:PARSER] Starting parseHI1Schedule {"textLength":600}
[2026-08-10T22:15:58.364Z] [LOGIC:PARSER] Extracted vacations from HI1 {"vacationCount":0}
[2026-08-10T22:15:58.365Z] [LOGIC:PARSER] Starting parseHI1Schedule {"textLength":673}
[2026-08-10T22:15:58.365Z] [LOGIC:PARSER] Extracted vacations from HI1 {"vacationCount":0}
[2026-08-10T22:15:58.365Z] [LOGIC:PARSER] Starting parseHI1Schedule {"textLength":1951}
[2026-08-10T22:15:58.365Z] [LOGIC:PARSER] Extracted vacations from HI1 {"vacationCount":0}
[2026-08-10T22:15:58.365Z] [LOGIC:PARSER] Starting parseHI1Schedule {"textLength":938}
[2026-08-10T22:15:58.366Z] [LOGIC:PARSER] Extracted vacations from HI1 {"vacationCount":0}
[2026-08-10T22:35:21.146Z] [LOGIC:PARSER] Starting parseHI1Schedule {"textLength":939}
[2026-08-10T22:35:21.147Z] [LOGIC:PARSER] Extracted vacations from HI1 {"vacationCount":1}
[2026-08-10T22:35:21.147Z] [LOGIC:PARSER] Starting parseHI1Schedule {"textLength":939}
[2026-08-10T22:35:21.147Z] [LOGIC:PARSER] Extracted vacations from HI1 {"vacationCount":1}
[2026-08-10T22:35:22.348Z] [LOGIC:PARSER] Starting parseHI1Schedule {"textLength":942}
[2026-08-10T22:35:22.349Z] [LOGIC:PARSER] Extracted vacations from HI1 {"vacationCount":1}
[2026-08-10T22:35:22.350Z] [LOGIC:PARSER] Starting parseHI1Schedule {"textLength":942}
[2026-08-10T22:35:22.350Z] [LOGIC:PARSER] Extracted vacations from HI1 {"vacationCount":1}
[2026-08-10T22:35:22.952Z] [LOGIC:PARSER] Starting parseHI1Schedule {"textLength":960}
[2026-08-10T22:35:22.953Z] [LOGIC:PARSER] Extracted vacations from HI1 {"vacationCount":1}
[2026-08-10T22:35:22.953Z] [LOGIC:PARSER] Identified sequence number on line: 15156 {"day":6,"statusTag":"SKD"}
[2026-08-10T22:35:22.954Z] [LOGIC:PARSER] Extracted TAFB: 5.01 for sequence 15156 
[2026-08-10T22:35:22.954Z] [LOGIC:PARSER] Discarding dropped sequence 15156 
[2026-08-10T22:35:22.954Z] [LOGIC:PARSER] Identified sequence number on line: 14731 {"day":13,"statusTag":"SKD"}
[2026-08-10T22:35:22.954Z] [LOGIC:PARSER] Extracted TAFB: 7.18 for sequence 14731 
[2026-08-10T22:35:22.955Z] [LOGIC:PARSER] Extracted TAFB: 5.50 for sequence 14731 
[2026-08-10T22:35:22.955Z] [LOGIC:PARSER] Saving new sequence 14731 {"days":[13,14,15,16],"statusTag":"SKD","credit":"17.22"}
[2026-08-10T22:35:22.955Z] [LOGIC:PARSER] Identified sequence number on line: 14962 {"day":20,"statusTag":"SKD"}
[2026-08-10T22:35:22.955Z] [LOGIC:PARSER] Extracted TAFB: 6.43 for sequence 14962 
[2026-08-10T22:35:22.955Z] [LOGIC:PARSER] Saving new sequence 14962 {"days":[20],"statusTag":"SKD","credit":"6.43"}
[2026-08-10T22:35:22.956Z] [LOGIC:PARSER] Starting parseHI1Schedule {"textLength":960}
[2026-08-10T22:35:22.956Z] [LOGIC:PARSER] Extracted vacations from HI1 {"vacationCount":1}
[2026-08-10T22:35:22.956Z] [LOGIC:PARSER] Identified sequence number on line: 15156 {"day":6,"statusTag":"SKD"}
[2026-08-10T22:35:22.956Z] [LOGIC:PARSER] Extracted TAFB: 5.01 for sequence 15156 
[2026-08-10T22:35:22.956Z] [LOGIC:PARSER] Discarding dropped sequence 15156 
[2026-08-10T22:35:22.957Z] [LOGIC:PARSER] Identified sequence number on line: 14731 {"day":13,"statusTag":"SKD"}
[2026-08-10T22:35:22.957Z] [LOGIC:PARSER] Extracted TAFB: 7.18 for sequence 14731 
[2026-08-10T22:35:22.957Z] [LOGIC:PARSER] Extracted TAFB: 5.50 for sequence 14731 
[2026-08-10T22:35:22.957Z] [LOGIC:PARSER] Saving new sequence 14731 {"days":[13,14,15,16],"statusTag":"SKD","credit":"17.22"}
[2026-08-10T22:35:22.957Z] [LOGIC:PARSER] Identified sequence number on line: 14962 {"day":20,"statusTag":"SKD"}
[2026-08-10T22:35:22.958Z] [LOGIC:PARSER] Extracted TAFB: 6.43 for sequence 14962 
[2026-08-10T22:35:22.958Z] [LOGIC:PARSER] Saving new sequence 14962 {"days":[20],"statusTag":"SKD","credit":"6.43"}
[2026-08-10T22:35:23.250Z] [LOGIC:PARSER] Starting parseHI1Schedule {"textLength":938}
[2026-08-10T22:35:23.251Z] [LOGIC:PARSER] Extracted vacations from HI1 {"vacationCount":0}
[2026-08-10T22:35:23.251Z] [LOGIC:PARSER] Identified sequence number on line: 14962 {"day":20,"statusTag":"SKD"}
[2026-08-10T22:35:23.251Z] [LOGIC:PARSER] Extracted TAFB: 6.43 for sequence 14962 
[2026-08-10T22:35:23.251Z] [LOGIC:PARSER] Extracted TAFB: 4.49 for sequence 14962 
[2026-08-10T22:35:23.252Z] [LOGIC:PARSER] Extracted TAFB: 6.25 for sequence 14962 
[2026-08-10T22:35:23.252Z] [LOGIC:PARSER] Saving new sequence 14962 {"days":[20,21,22,23],"statusTag":"SKD","credit":"22.29"}
[2026-08-10T22:35:23.252Z] [LOGIC:PARSER] Identified sequence number on line: 15101 {"day":27,"statusTag":"SKD"}
[2026-08-10T22:35:23.252Z] [LOGIC:PARSER] Extracted TAFB: 4.48 for sequence 15101 
[2026-08-10T22:35:23.253Z] [LOGIC:PARSER] Extracted TAFB: 5.49 for sequence 15101 
[2026-08-10T22:35:23.253Z] [LOGIC:PARSER] Saving new sequence 15101 {"days":[27,28,29,30],"statusTag":"SKD","credit":"16.26"}
[2026-08-10T22:35:23.253Z] [LOGIC:PARSER] Starting parseHI1Schedule {"textLength":938}
[2026-08-10T22:35:23.253Z] [LOGIC:PARSER] Extracted vacations from HI1 {"vacationCount":0}
[2026-08-10T22:35:23.253Z] [LOGIC:PARSER] Identified sequence number on line: 14962 {"day":20,"statusTag":"SKD"}
[2026-08-10T22:35:23.254Z] [LOGIC:PARSER] Extracted TAFB: 6.43 for sequence 14962 
[2026-08-10T22:35:23.254Z] [LOGIC:PARSER] Extracted TAFB: 4.49 for sequence 14962 
[2026-08-10T22:35:23.254Z] [LOGIC:PARSER] Extracted TAFB: 6.25 for sequence 14962 
[2026-08-10T22:35:23.254Z] [LOGIC:PARSER] Saving new sequence 14962 {"days":[20,21,22,23],"statusTag":"SKD","credit":"22.29"}
[2026-08-10T22:35:23.255Z] [LOGIC:PARSER] Identified sequence number on line: 15101 {"day":27,"statusTag":"SKD"}
[2026-08-10T22:35:23.255Z] [LOGIC:PARSER] Extracted TAFB: 4.48 for sequence 15101 
[2026-08-10T22:35:23.255Z] [LOGIC:PARSER] Extracted TAFB: 5.49 for sequence 15101 
[2026-08-10T22:35:23.255Z] [LOGIC:PARSER] Saving new sequence 15101 {"days":[27,28,29,30],"statusTag":"SKD","credit":"16.26"}
[2026-08-10T22:35:23.366Z] [LOGIC:PARSER] Starting parseHI1Schedule {"textLength":2836}
[2026-08-10T22:35:23.366Z] [LOGIC:PARSER] Extracted vacations from HI1 {"vacationCount":1}
[2026-08-10T22:35:23.366Z] [LOGIC:PARSER] Identified sequence number on line: 15156 {"day":6,"statusTag":"SKD"}
[2026-08-10T22:35:23.367Z] [LOGIC:PARSER] Extracted TAFB: 5.01 for sequence 15156 
[2026-08-10T22:35:23.367Z] [LOGIC:PARSER] Discarding dropped sequence 15156 
[2026-08-10T22:35:23.367Z] [LOGIC:PARSER] Identified sequence number on line: 14731 {"day":13,"statusTag":"SKD"}
[2026-08-10T22:35:23.367Z] [LOGIC:PARSER] Extracted TAFB: 7.18 for sequence 14731 
[2026-08-10T22:35:23.368Z] [LOGIC:PARSER] Extracted TAFB: 5.50 for sequence 14731 
[2026-08-10T22:35:23.368Z] [LOGIC:PARSER] Saving new sequence 14731 {"days":[13,14,15,16],"statusTag":"SKD","credit":"17.22"}
[2026-08-10T22:35:23.368Z] [LOGIC:PARSER] Identified sequence number on line: 14962 {"day":20,"statusTag":"SKD"}
[2026-08-10T22:35:23.369Z] [LOGIC:PARSER] Extracted TAFB: 6.43 for sequence 14962 
[2026-08-10T22:35:23.369Z] [LOGIC:PARSER] Saving new sequence 14962 {"days":[20],"statusTag":"SKD","credit":"6.43"}
[2026-08-10T22:35:23.369Z] [LOGIC:PARSER] Identified sequence number on line: 14962 {"day":20,"statusTag":"SKD"}
[2026-08-10T22:35:23.369Z] [LOGIC:PARSER] Extracted TAFB: 6.43 for sequence 14962 
[2026-08-10T22:35:23.370Z] [LOGIC:PARSER] Extracted TAFB: 4.49 for sequence 14962 
[2026-08-10T22:35:23.370Z] [LOGIC:PARSER] Extracted TAFB: 6.25 for sequence 14962 
[2026-08-10T22:35:23.370Z] [LOGIC:PARSER] Merging additional days into sequence 14962 {"addedDays":[20,21,22,23],"credit":"22.29"}
[2026-08-10T22:35:23.370Z] [LOGIC:PARSER] Identified sequence number on line: 15101 {"day":27,"statusTag":"SKD"}
[2026-08-10T22:35:23.370Z] [LOGIC:PARSER] Extracted TAFB: 4.48 for sequence 15101 
[2026-08-10T22:35:23.371Z] [LOGIC:PARSER] Extracted TAFB: 5.49 for sequence 15101 
[2026-08-10T22:35:23.371Z] [LOGIC:PARSER] Saving new sequence 15101 {"days":[27,28,29,30],"statusTag":"SKD","credit":"16.26"}
[2026-08-10T22:35:32.844Z] [LOGIC:PARSER] Starting parseHI1Schedule {"textLength":943}
[2026-08-10T22:35:32.845Z] [LOGIC:PARSER] Extracted vacations from HI1 {"vacationCount":0}
[2026-08-10T22:35:32.845Z] [LOGIC:PARSER] Identified sequence number on line: 14962 {"day":20,"statusTag":"SKD"}
[2026-08-10T22:35:32.846Z] [LOGIC:PARSER] Extracted TAFB: 6.43 for sequence 14962 
[2026-08-10T22:35:32.846Z] [LOGIC:PARSER] Extracted TAFB: 4.49 for sequence 14962 
[2026-08-10T22:35:32.846Z] [LOGIC:PARSER] Extracted TAFB: 6.25 for sequence 14962 
[2026-08-10T22:35:32.846Z] [LOGIC:PARSER] Saving new sequence 14962 {"days":[20,21,22,23],"statusTag":"SKD","credit":"22.29"}
[2026-08-10T22:35:32.847Z] [LOGIC:PARSER] Identified sequence number on line: 15101 {"day":27,"statusTag":"SKD"}
[2026-08-10T22:35:32.847Z] [LOGIC:PARSER] Extracted TAFB: 4.48 for sequence 15101 
[2026-08-10T22:35:32.847Z] [LOGIC:PARSER] Extracted TAFB: 5.49 for sequence 15101 
[2026-08-10T22:35:32.847Z] [LOGIC:PARSER] Saving new sequence 15101 {"days":[27,28,29,30],"statusTag":"SKD","credit":"16.26"}
[2026-08-10T22:35:32.847Z] [LOGIC:PARSER] Starting parseHI1Schedule {"textLength":943}
[2026-08-10T22:35:32.848Z] [LOGIC:PARSER] Extracted vacations from HI1 {"vacationCount":0}
[2026-08-10T22:35:32.848Z] [LOGIC:PARSER] Identified sequence number on line: 14962 {"day":20,"statusTag":"SKD"}
[2026-08-10T22:35:32.848Z] [LOGIC:PARSER] Extracted TAFB: 6.43 for sequence 14962 
[2026-08-10T22:35:32.848Z] [LOGIC:PARSER] Extracted TAFB: 4.49 for sequence 14962 
[2026-08-10T22:35:32.849Z] [LOGIC:PARSER] Extracted TAFB: 6.25 for sequence 14962 
[2026-08-10T22:35:32.849Z] [LOGIC:PARSER] Saving new sequence 14962 {"days":[20,21,22,23],"statusTag":"SKD","credit":"22.29"}
[2026-08-10T22:35:32.849Z] [LOGIC:PARSER] Identified sequence number on line: 15101 {"day":27,"statusTag":"SKD"}
[2026-08-10T22:35:32.849Z] [LOGIC:PARSER] Extracted TAFB: 4.48 for sequence 15101 
[2026-08-10T22:35:32.850Z] [LOGIC:PARSER] Extracted TAFB: 5.49 for sequence 15101 
[2026-08-10T22:35:32.850Z] [LOGIC:PARSER] Saving new sequence 15101 {"days":[27,28,29,30],"statusTag":"SKD","credit":"16.26"}
[2026-08-10T22:35:33.150Z] [LOGIC:PARSER] Starting parseHI1Schedule {"textLength":951}
[2026-08-10T22:35:33.150Z] [LOGIC:PARSER] Extracted vacations from HI1 {"vacationCount":0}
[2026-08-10T22:35:33.150Z] [LOGIC:PARSER] Identified sequence number on line: 14962 {"day":20,"statusTag":"SKD"}
[2026-08-10T22:35:33.151Z] [LOGIC:PARSER] Extracted TAFB: 6.43 for sequence 14962 
[2026-08-10T22:35:33.151Z] [LOGIC:PARSER] Extracted TAFB: 4.49 for sequence 14962 
[2026-08-10T22:35:33.151Z] [LOGIC:PARSER] Extracted TAFB: 6.25 for sequence 14962 
[2026-08-10T22:35:33.151Z] [LOGIC:PARSER] Saving new sequence 14962 {"days":[20,21,22,23],"statusTag":"SKD","credit":"22.29"}
[2026-08-10T22:35:33.152Z] [LOGIC:PARSER] Identified sequence number on line: 15101 {"day":27,"statusTag":"SKD"}
[2026-08-10T22:35:33.152Z] [LOGIC:PARSER] Extracted TAFB: 4.48 for sequence 15101 
[2026-08-10T22:35:33.152Z] [LOGIC:PARSER] Extracted TAFB: 5.49 for sequence 15101 
[2026-08-10T22:35:33.152Z] [LOGIC:PARSER] Saving new sequence 15101 {"days":[27,28,29,30],"statusTag":"SKD","credit":"16.26"}
[2026-08-10T22:35:33.153Z] [LOGIC:PARSER] Starting parseHI1Schedule {"textLength":951}
[2026-08-10T22:35:33.153Z] [LOGIC:PARSER] Extracted vacations from HI1 {"vacationCount":0}
[2026-08-10T22:35:33.153Z] [LOGIC:PARSER] Identified sequence number on line: 14962 {"day":20,"statusTag":"SKD"}
[2026-08-10T22:35:33.153Z] [LOGIC:PARSER] Extracted TAFB: 6.43 for sequence 14962 
[2026-08-10T22:35:33.153Z] [LOGIC:PARSER] Extracted TAFB: 4.49 for sequence 14962 
[2026-08-10T22:35:33.154Z] [LOGIC:PARSER] Extracted TAFB: 6.25 for sequence 14962 
[2026-08-10T22:35:33.154Z] [LOGIC:PARSER] Saving new sequence 14962 {"days":[20,21,22,23],"statusTag":"SKD","credit":"22.29"}
[2026-08-10T22:35:33.154Z] [LOGIC:PARSER] Identified sequence number on line: 15101 {"day":27,"statusTag":"SKD"}
[2026-08-10T22:35:33.154Z] [LOGIC:PARSER] Extracted TAFB: 4.48 for sequence 15101 
[2026-08-10T22:35:33.155Z] [LOGIC:PARSER] Extracted TAFB: 5.49 for sequence 15101 
[2026-08-10T22:35:33.155Z] [LOGIC:PARSER] Saving new sequence 15101 {"days":[27,28,29,30],"statusTag":"SKD","credit":"16.26"}
[2026-08-10T22:35:33.440Z] [LOGIC:PARSER] Starting parseHI1Schedule {"textLength":957}
[2026-08-10T22:35:33.441Z] [LOGIC:PARSER] Extracted vacations from HI1 {"vacationCount":0}
[2026-08-10T22:35:33.441Z] [LOGIC:PARSER] Identified sequence number on line: 14962 {"day":20,"statusTag":"SKD"}
[2026-08-10T22:35:33.441Z] [LOGIC:PARSER] Extracted TAFB: 6.43 for sequence 14962 
[2026-08-10T22:35:33.442Z] [LOGIC:PARSER] Extracted TAFB: 4.49 for sequence 14962 
[2026-08-10T22:35:33.442Z] [LOGIC:PARSER] Extracted TAFB: 6.25 for sequence 14962 
[2026-08-10T22:35:33.442Z] [LOGIC:PARSER] Saving new sequence 14962 {"days":[20,21,22,23],"statusTag":"SKD","credit":"22.29"}
[2026-08-10T22:35:33.442Z] [LOGIC:PARSER] Identified sequence number on line: 15101 {"day":27,"statusTag":"SKD"}
[2026-08-10T22:35:33.443Z] [LOGIC:PARSER] Extracted TAFB: 4.48 for sequence 15101 
[2026-08-10T22:35:33.443Z] [LOGIC:PARSER] Extracted TAFB: 5.49 for sequence 15101 
[2026-08-10T22:35:33.443Z] [LOGIC:PARSER] Saving new sequence 15101 {"days":[27,28,29,30],"statusTag":"SKD","credit":"16.26"}
[2026-08-10T22:35:33.443Z] [LOGIC:PARSER] Starting parseHI1Schedule {"textLength":957}
[2026-08-10T22:35:33.444Z] [LOGIC:PARSER] Extracted vacations from HI1 {"vacationCount":0}
[2026-08-10T22:35:33.444Z] [LOGIC:PARSER] Identified sequence number on line: 14962 {"day":20,"statusTag":"SKD"}
[2026-08-10T22:35:33.444Z] [LOGIC:PARSER] Extracted TAFB: 6.43 for sequence 14962 
[2026-08-10T22:35:33.444Z] [LOGIC:PARSER] Extracted TAFB: 4.49 for sequence 14962 
[2026-08-10T22:35:33.445Z] [LOGIC:PARSER] Extracted TAFB: 6.25 for sequence 14962 
[2026-08-10T22:35:33.445Z] [LOGIC:PARSER] Saving new sequence 14962 {"days":[20,21,22,23],"statusTag":"SKD","credit":"22.29"}
[2026-08-10T22:35:33.445Z] [LOGIC:PARSER] Identified sequence number on line: 15101 {"day":27,"statusTag":"SKD"}
[2026-08-10T22:35:33.446Z] [LOGIC:PARSER] Extracted TAFB: 4.48 for sequence 15101 
[2026-08-10T22:35:33.446Z] [LOGIC:PARSER] Extracted TAFB: 5.49 for sequence 15101 
[2026-08-10T22:35:33.446Z] [LOGIC:PARSER] Saving new sequence 15101 {"days":[27,28,29,30],"statusTag":"SKD","credit":"16.26"}
[2026-08-10T22:35:34.052Z] [LOGIC:PARSER] Starting parseHI1Schedule {"textLength":1077}
[2026-08-10T22:35:34.052Z] [LOGIC:PARSER] Extracted vacations from HI1 {"vacationCount":0}
[2026-08-10T22:35:34.053Z] [LOGIC:PARSER] Starting parseHI1Schedule {"textLength":1077}
[2026-08-10T22:35:34.053Z] [LOGIC:PARSER] Extracted vacations from HI1 {"vacationCount":0}
[2026-08-10T22:35:36.444Z] [LOGIC:PARSER] Starting parseHI1Schedule {"textLength":1077}
[2026-08-10T22:35:36.444Z] [LOGIC:PARSER] Extracted vacations from HI1 {"vacationCount":0}
[2026-08-10T22:35:36.445Z] [LOGIC:PARSER] Starting parseHI1Schedule {"textLength":1077}
[2026-08-10T22:35:36.445Z] [LOGIC:PARSER] Extracted vacations from HI1 {"vacationCount":0}
[2026-08-10T22:35:36.757Z] [LOGIC:PARSER] Starting parseHI1Schedule {"textLength":1025}
[2026-08-10T22:35:36.757Z] [LOGIC:PARSER] Extracted vacations from HI1 {"vacationCount":0}
[2026-08-10T22:35:36.758Z] [LOGIC:PARSER] Starting parseHI1Schedule {"textLength":1025}
[2026-08-10T22:35:36.758Z] [LOGIC:PARSER] Extracted vacations from HI1 {"vacationCount":0}
[2026-08-10T22:35:37.051Z] [LOGIC:PARSER] Starting parseHI1Schedule {"textLength":1028}
[2026-08-10T22:35:37.052Z] [LOGIC:PARSER] Extracted vacations from HI1 {"vacationCount":0}
[2026-08-10T22:35:37.052Z] [LOGIC:PARSER] Starting parseHI1Schedule {"textLength":1028}
[2026-08-10T22:35:37.052Z] [LOGIC:PARSER] Extracted vacations from HI1 {"vacationCount":0}
[2026-08-10T22:35:37.348Z] [LOGIC:PARSER] Starting parseHI1Schedule {"textLength":1018}
[2026-08-10T22:35:37.348Z] [LOGIC:PARSER] Extracted vacations from HI1 {"vacationCount":0}
[2026-08-10T22:35:37.348Z] [LOGIC:PARSER] Starting parseHI1Schedule {"textLength":1018}
[2026-08-10T22:35:37.349Z] [LOGIC:PARSER] Extracted vacations from HI1 {"vacationCount":0}
[2026-08-10T22:35:37.645Z] [LOGIC:PARSER] Starting parseHI1Schedule {"textLength":1021}
[2026-08-10T22:35:37.646Z] [LOGIC:PARSER] Extracted vacations from HI1 {"vacationCount":0}
[2026-08-10T22:35:37.646Z] [LOGIC:PARSER] Starting parseHI1Schedule {"textLength":1021}
[2026-08-10T22:35:37.646Z] [LOGIC:PARSER] Extracted vacations from HI1 {"vacationCount":0}
[2026-08-10T22:35:37.943Z] [LOGIC:PARSER] Starting parseHI1Schedule {"textLength":1037}
[2026-08-10T22:35:37.944Z] [LOGIC:PARSER] Extracted vacations from HI1 {"vacationCount":0}
[2026-08-10T22:35:37.944Z] [LOGIC:PARSER] Starting parseHI1Schedule {"textLength":1037}
[2026-08-10T22:35:37.945Z] [LOGIC:PARSER] Extracted vacations from HI1 {"vacationCount":0}
[2026-08-10T22:35:37.975Z] [LOGIC:PARSER] Starting parseHI1Schedule {"textLength":3122}
[2026-08-10T22:35:37.976Z] [LOGIC:PARSER] Extracted vacations from HI1 {"vacationCount":0}
[2026-08-10T22:35:37.976Z] [LOGIC:PARSER] Starting parseHI1Schedule {"textLength":3122}
[2026-08-10T22:35:37.976Z] [LOGIC:PARSER] Extracted vacations from HI1 {"vacationCount":0}
[2026-08-10T22:38:35.153Z] [LOGIC:PARSER] Starting parseHI1Schedule {"textLength":3122}
[2026-08-10T22:38:35.154Z] [LOGIC:PARSER] Extracted vacations from HI1 {"vacationCount":0}
[2026-08-10T22:38:35.154Z] [LOGIC:PARSER] Starting parseHI1Schedule {"textLength":3122}
[2026-08-10T22:38:35.155Z] [LOGIC:PARSER] Extracted vacations from HI1 {"vacationCount":0}
[2026-08-10T22:38:56.134Z] [LOGIC:PARSER] Starting parseHI1Schedule {"textLength":3122}
[2026-08-10T22:38:56.135Z] [LOGIC:PARSER] Extracted vacations from HI1 {"vacationCount":0}
[2026-08-10T22:38:56.135Z] [LOGIC:PARSER] Starting parseHI1Schedule {"textLength":3122}
[2026-08-10T22:38:56.135Z] [LOGIC:PARSER] Extracted vacations from HI1 {"vacationCount":0}
[2026-08-10T22:39:03.644Z] [LOGIC:PARSER] Starting parseHI1Schedule {"textLength":3122}
[2026-08-10T22:39:03.644Z] [LOGIC:PARSER] Extracted vacations from HI1 {"vacationCount":0}
[2026-08-10T22:39:03.644Z] [LOGIC:PARSER] Starting parseHI1Schedule {"textLength":3122}
[2026-08-10T22:39:03.645Z] [LOGIC:PARSER] Extracted vacations from HI1 {"vacationCount":0}
[2026-08-10T22:48:58.762Z] [LOGIC:PARSER] Starting parseHI1Schedule {"textLength":939}
[2026-08-10T22:48:58.762Z] [LOGIC:PARSER] Extracted vacations from HI1 {"vacationCount":1}
[2026-08-10T22:48:58.763Z] [LOGIC:PARSER] Starting parseHI1Schedule {"textLength":939}
[2026-08-10T22:48:58.763Z] [LOGIC:PARSER] Extracted vacations from HI1 {"vacationCount":1}
[2026-08-10T22:49:00.271Z] [LOGIC:PARSER] Starting parseHI1Schedule {"textLength":942}
[2026-08-10T22:49:00.272Z] [LOGIC:PARSER] Extracted vacations from HI1 {"vacationCount":1}
[2026-08-10T22:49:00.272Z] [LOGIC:PARSER] Starting parseHI1Schedule {"textLength":942}
[2026-08-10T22:49:00.272Z] [LOGIC:PARSER] Extracted vacations from HI1 {"vacationCount":1}
[2026-08-10T22:49:00.575Z] [LOGIC:PARSER] Starting parseHI1Schedule {"textLength":957}
[2026-08-10T22:49:00.576Z] [LOGIC:PARSER] Extracted vacations from HI1 {"vacationCount":1}
[2026-08-10T22:49:00.576Z] [LOGIC:PARSER] Identified sequence number on line: 15156 {"day":6,"statusTag":"SKD"}
[2026-08-10T22:49:00.576Z] [LOGIC:PARSER] Extracted TAFB: 5.01 for sequence 15156 
[2026-08-10T22:49:00.577Z] [LOGIC:PARSER] Discarding dropped sequence 15156 
[2026-08-10T22:49:00.577Z] [LOGIC:PARSER] Identified sequence number on line: 14731 {"day":13,"statusTag":"SKD"}
[2026-08-10T22:49:00.577Z] [LOGIC:PARSER] Extracted TAFB: 7.18 for sequence 14731 
[2026-08-10T22:49:00.577Z] [LOGIC:PARSER] Extracted TAFB: 5.50 for sequence 14731 
[2026-08-10T22:49:00.577Z] [LOGIC:PARSER] Saving new sequence 14731 {"days":[13,14,15,16],"statusTag":"SKD","credit":"17.22"}
[2026-08-10T22:49:00.578Z] [LOGIC:PARSER] Identified sequence number on line: 14962 {"day":20,"statusTag":"SKD"}
[2026-08-10T22:49:00.578Z] [LOGIC:PARSER] Extracted TAFB: 6.43 for sequence 14962 
[2026-08-10T22:49:00.578Z] [LOGIC:PARSER] Saving new sequence 14962 {"days":[20],"statusTag":"SKD","credit":"6.43"}
[2026-08-10T22:49:00.579Z] [LOGIC:PARSER] Starting parseHI1Schedule {"textLength":957}
[2026-08-10T22:49:00.579Z] [LOGIC:PARSER] Extracted vacations from HI1 {"vacationCount":1}
[2026-08-10T22:49:00.579Z] [LOGIC:PARSER] Identified sequence number on line: 15156 {"day":6,"statusTag":"SKD"}
[2026-08-10T22:49:00.579Z] [LOGIC:PARSER] Extracted TAFB: 5.01 for sequence 15156 
[2026-08-10T22:49:00.580Z] [LOGIC:PARSER] Discarding dropped sequence 15156 
[2026-08-10T22:49:00.580Z] [LOGIC:PARSER] Identified sequence number on line: 14731 {"day":13,"statusTag":"SKD"}
[2026-08-10T22:49:00.580Z] [LOGIC:PARSER] Extracted TAFB: 7.18 for sequence 14731 
[2026-08-10T22:49:00.580Z] [LOGIC:PARSER] Extracted TAFB: 5.50 for sequence 14731 
[2026-08-10T22:49:00.581Z] [LOGIC:PARSER] Saving new sequence 14731 {"days":[13,14,15,16],"statusTag":"SKD","credit":"17.22"}
[2026-08-10T22:49:00.581Z] [LOGIC:PARSER] Identified sequence number on line: 14962 {"day":20,"statusTag":"SKD"}
[2026-08-10T22:49:00.581Z] [LOGIC:PARSER] Extracted TAFB: 6.43 for sequence 14962 
[2026-08-10T22:49:00.581Z] [LOGIC:PARSER] Saving new sequence 14962 {"days":[20],"statusTag":"SKD","credit":"6.43"}
[2026-08-10T22:49:00.870Z] [LOGIC:PARSER] Starting parseHI1Schedule {"textLength":960}
[2026-08-10T22:49:00.870Z] [LOGIC:PARSER] Extracted vacations from HI1 {"vacationCount":1}
[2026-08-10T22:49:00.871Z] [LOGIC:PARSER] Identified sequence number on line: 15156 {"day":6,"statusTag":"SKD"}
[2026-08-10T22:49:00.871Z] [LOGIC:PARSER] Extracted TAFB: 5.01 for sequence 15156 
[2026-08-10T22:49:00.871Z] [LOGIC:PARSER] Discarding dropped sequence 15156 
[2026-08-10T22:49:00.871Z] [LOGIC:PARSER] Identified sequence number on line: 14731 {"day":13,"statusTag":"SKD"}
[2026-08-10T22:49:00.872Z] [LOGIC:PARSER] Extracted TAFB: 7.18 for sequence 14731 
[2026-08-10T22:49:00.872Z] [LOGIC:PARSER] Extracted TAFB: 5.50 for sequence 14731 
[2026-08-10T22:49:00.872Z] [LOGIC:PARSER] Saving new sequence 14731 {"days":[13,14,15,16],"statusTag":"SKD","credit":"17.22"}
[2026-08-10T22:49:00.872Z] [LOGIC:PARSER] Identified sequence number on line: 14962 {"day":20,"statusTag":"SKD"}
[2026-08-10T22:49:00.873Z] [LOGIC:PARSER] Extracted TAFB: 6.43 for sequence 14962 
[2026-08-10T22:49:00.873Z] [LOGIC:PARSER] Saving new sequence 14962 {"days":[20],"statusTag":"SKD","credit":"6.43"}
[2026-08-10T22:49:00.873Z] [LOGIC:PARSER] Starting parseHI1Schedule {"textLength":960}
[2026-08-10T22:49:00.873Z] [LOGIC:PARSER] Extracted vacations from HI1 {"vacationCount":1}
[2026-08-10T22:49:00.873Z] [LOGIC:PARSER] Identified sequence number on line: 15156 {"day":6,"statusTag":"SKD"}
[2026-08-10T22:49:00.874Z] [LOGIC:PARSER] Extracted TAFB: 5.01 for sequence 15156 
[2026-08-10T22:49:00.874Z] [LOGIC:PARSER] Discarding dropped sequence 15156 
[2026-08-10T22:49:00.874Z] [LOGIC:PARSER] Identified sequence number on line: 14731 {"day":13,"statusTag":"SKD"}
[2026-08-10T22:49:00.874Z] [LOGIC:PARSER] Extracted TAFB: 7.18 for sequence 14731 
[2026-08-10T22:49:00.875Z] [LOGIC:PARSER] Extracted TAFB: 5.50 for sequence 14731 
[2026-08-10T22:49:00.875Z] [LOGIC:PARSER] Saving new sequence 14731 {"days":[13,14,15,16],"statusTag":"SKD","credit":"17.22"}
[2026-08-10T22:49:00.875Z] [LOGIC:PARSER] Identified sequence number on line: 14962 {"day":20,"statusTag":"SKD"}
[2026-08-10T22:49:00.875Z] [LOGIC:PARSER] Extracted TAFB: 6.43 for sequence 14962 
[2026-08-10T22:49:00.875Z] [LOGIC:PARSER] Saving new sequence 14962 {"days":[20],"statusTag":"SKD","credit":"6.43"}
[2026-08-10T22:49:01.165Z] [LOGIC:PARSER] Starting parseHI1Schedule {"textLength":938}
[2026-08-10T22:49:01.166Z] [LOGIC:PARSER] Extracted vacations from HI1 {"vacationCount":0}
[2026-08-10T22:49:01.166Z] [LOGIC:PARSER] Identified sequence number on line: 14962 {"day":20,"statusTag":"SKD"}
[2026-08-10T22:49:01.166Z] [LOGIC:PARSER] Extracted TAFB: 6.43 for sequence 14962 
[2026-08-10T22:49:01.167Z] [LOGIC:PARSER] Extracted TAFB: 4.49 for sequence 14962 
[2026-08-10T22:49:01.167Z] [LOGIC:PARSER] Extracted TAFB: 6.25 for sequence 14962 
[2026-08-10T22:49:01.167Z] [LOGIC:PARSER] Saving new sequence 14962 {"days":[20,21,22,23],"statusTag":"SKD","credit":"22.29"}
[2026-08-10T22:49:01.167Z] [LOGIC:PARSER] Identified sequence number on line: 15101 {"day":27,"statusTag":"SKD"}
[2026-08-10T22:49:01.168Z] [LOGIC:PARSER] Extracted TAFB: 4.48 for sequence 15101 
[2026-08-10T22:49:01.168Z] [LOGIC:PARSER] Extracted TAFB: 5.49 for sequence 15101 
[2026-08-10T22:49:01.168Z] [LOGIC:PARSER] Saving new sequence 15101 {"days":[27,28,29,30],"statusTag":"SKD","credit":"16.26"}
[2026-08-10T22:49:01.168Z] [LOGIC:PARSER] Starting parseHI1Schedule {"textLength":938}
[2026-08-10T22:49:01.169Z] [LOGIC:PARSER] Extracted vacations from HI1 {"vacationCount":0}
[2026-08-10T22:49:01.169Z] [LOGIC:PARSER] Identified sequence number on line: 14962 {"day":20,"statusTag":"SKD"}
[2026-08-10T22:49:01.169Z] [LOGIC:PARSER] Extracted TAFB: 6.43 for sequence 14962 
[2026-08-10T22:49:01.169Z] [LOGIC:PARSER] Extracted TAFB: 4.49 for sequence 14962 
[2026-08-10T22:49:01.170Z] [LOGIC:PARSER] Extracted TAFB: 6.25 for sequence 14962 
[2026-08-10T22:49:01.170Z] [LOGIC:PARSER] Saving new sequence 14962 {"days":[20,21,22,23],"statusTag":"SKD","credit":"22.29"}
[2026-08-10T22:49:01.170Z] [LOGIC:PARSER] Identified sequence number on line: 15101 {"day":27,"statusTag":"SKD"}
[2026-08-10T22:49:01.170Z] [LOGIC:PARSER] Extracted TAFB: 4.48 for sequence 15101 
[2026-08-10T22:49:01.170Z] [LOGIC:PARSER] Extracted TAFB: 5.49 for sequence 15101 
[2026-08-10T22:49:01.171Z] [LOGIC:PARSER] Saving new sequence 15101 {"days":[27,28,29,30],"statusTag":"SKD","credit":"16.26"}
[2026-08-10T22:49:01.276Z] [LOGIC:PARSER] Starting parseHI1Schedule {"textLength":2836}
[2026-08-10T22:49:01.277Z] [LOGIC:PARSER] Extracted vacations from HI1 {"vacationCount":1}
[2026-08-10T22:49:01.277Z] [LOGIC:PARSER] Identified sequence number on line: 15156 {"day":6,"statusTag":"SKD"}
[2026-08-10T22:49:01.277Z] [LOGIC:PARSER] Extracted TAFB: 5.01 for sequence 15156 
[2026-08-10T22:49:01.278Z] [LOGIC:PARSER] Discarding dropped sequence 15156 
[2026-08-10T22:49:01.278Z] [LOGIC:PARSER] Identified sequence number on line: 14731 {"day":13,"statusTag":"SKD"}
[2026-08-10T22:49:01.278Z] [LOGIC:PARSER] Extracted TAFB: 7.18 for sequence 14731 
[2026-08-10T22:49:01.279Z] [LOGIC:PARSER] Extracted TAFB: 5.50 for sequence 14731 
[2026-08-10T22:49:01.279Z] [LOGIC:PARSER] Saving new sequence 14731 {"days":[13,14,15,16],"statusTag":"SKD","credit":"17.22"}
[2026-08-10T22:49:01.279Z] [LOGIC:PARSER] Identified sequence number on line: 14962 {"day":20,"statusTag":"SKD"}
[2026-08-10T22:49:01.279Z] [LOGIC:PARSER] Extracted TAFB: 6.43 for sequence 14962 
[2026-08-10T22:49:01.280Z] [LOGIC:PARSER] Saving new sequence 14962 {"days":[20],"statusTag":"SKD","credit":"6.43"}
[2026-08-10T22:49:01.280Z] [LOGIC:PARSER] Identified sequence number on line: 14962 {"day":20,"statusTag":"SKD"}
[2026-08-10T22:49:01.280Z] [LOGIC:PARSER] Extracted TAFB: 6.43 for sequence 14962 
[2026-08-10T22:49:01.281Z] [LOGIC:PARSER] Extracted TAFB: 4.49 for sequence 14962 
[2026-08-10T22:49:01.281Z] [LOGIC:PARSER] Extracted TAFB: 6.25 for sequence 14962 
[2026-08-10T22:49:01.281Z] [LOGIC:PARSER] Merging additional days into sequence 14962 {"addedDays":[20,21,22,23],"credit":"22.29"}
[2026-08-10T22:49:01.281Z] [LOGIC:PARSER] Identified sequence number on line: 15101 {"day":27,"statusTag":"SKD"}
[2026-08-10T22:49:01.281Z] [LOGIC:PARSER] Extracted TAFB: 4.48 for sequence 15101 
[2026-08-10T22:49:01.282Z] [LOGIC:PARSER] Extracted TAFB: 5.49 for sequence 15101 
[2026-08-10T22:49:01.282Z] [LOGIC:PARSER] Saving new sequence 15101 {"days":[27,28,29,30],"statusTag":"SKD","credit":"16.26"}
[2026-08-10T22:49:12.562Z] [LOGIC:PARSER] Starting parseHI1Schedule {"textLength":944}
[2026-08-10T22:49:12.562Z] [LOGIC:PARSER] Extracted vacations from HI1 {"vacationCount":0}
[2026-08-10T22:49:12.563Z] [LOGIC:PARSER] Identified sequence number on line: 14962 {"day":20,"statusTag":"SKD"}
[2026-08-10T22:49:12.563Z] [LOGIC:PARSER] Extracted TAFB: 6.43 for sequence 14962 
[2026-08-10T22:49:12.563Z] [LOGIC:PARSER] Extracted TAFB: 4.49 for sequence 14962 
[2026-08-10T22:49:12.563Z] [LOGIC:PARSER] Extracted TAFB: 6.25 for sequence 14962 
[2026-08-10T22:49:12.564Z] [LOGIC:PARSER] Saving new sequence 14962 {"days":[20,21,22,23],"statusTag":"SKD","credit":"22.29"}
[2026-08-10T22:49:12.564Z] [LOGIC:PARSER] Identified sequence number on line: 15101 {"day":27,"statusTag":"SKD"}
[2026-08-10T22:49:12.564Z] [LOGIC:PARSER] Extracted TAFB: 4.48 for sequence 15101 
[2026-08-10T22:49:12.564Z] [LOGIC:PARSER] Extracted TAFB: 5.49 for sequence 15101 
[2026-08-10T22:49:12.565Z] [LOGIC:PARSER] Saving new sequence 15101 {"days":[27,28,29,30],"statusTag":"SKD","credit":"16.26"}
[2026-08-10T22:49:12.565Z] [LOGIC:PARSER] Starting parseHI1Schedule {"textLength":944}
[2026-08-10T22:49:12.565Z] [LOGIC:PARSER] Extracted vacations from HI1 {"vacationCount":0}
[2026-08-10T22:49:12.565Z] [LOGIC:PARSER] Identified sequence number on line: 14962 {"day":20,"statusTag":"SKD"}
[2026-08-10T22:49:12.565Z] [LOGIC:PARSER] Extracted TAFB: 6.43 for sequence 14962 
[2026-08-10T22:49:12.566Z] [LOGIC:PARSER] Extracted TAFB: 4.49 for sequence 14962 
[2026-08-10T22:49:12.566Z] [LOGIC:PARSER] Extracted TAFB: 6.25 for sequence 14962 
[2026-08-10T22:49:12.566Z] [LOGIC:PARSER] Saving new sequence 14962 {"days":[20,21,22,23],"statusTag":"SKD","credit":"22.29"}
[2026-08-10T22:49:12.566Z] [LOGIC:PARSER] Identified sequence number on line: 15101 {"day":27,"statusTag":"SKD"}
[2026-08-10T22:49:12.567Z] [LOGIC:PARSER] Extracted TAFB: 4.48 for sequence 15101 
[2026-08-10T22:49:12.567Z] [LOGIC:PARSER] Extracted TAFB: 5.49 for sequence 15101 
[2026-08-10T22:49:12.567Z] [LOGIC:PARSER] Saving new sequence 15101 {"days":[27,28,29,30],"statusTag":"SKD","credit":"16.26"}
[2026-08-10T22:49:12.866Z] [LOGIC:PARSER] Starting parseHI1Schedule {"textLength":952}
[2026-08-10T22:49:12.867Z] [LOGIC:PARSER] Extracted vacations from HI1 {"vacationCount":0}
[2026-08-10T22:49:12.867Z] [LOGIC:PARSER] Identified sequence number on line: 14962 {"day":20,"statusTag":"SKD"}
[2026-08-10T22:49:12.868Z] [LOGIC:PARSER] Extracted TAFB: 6.43 for sequence 14962 
[2026-08-10T22:49:12.868Z] [LOGIC:PARSER] Extracted TAFB: 4.49 for sequence 14962 
[2026-08-10T22:49:12.868Z] [LOGIC:PARSER] Extracted TAFB: 6.25 for sequence 14962 
[2026-08-10T22:49:12.869Z] [LOGIC:PARSER] Saving new sequence 14962 {"days":[20,21,22,23],"statusTag":"SKD","credit":"22.29"}
[2026-08-10T22:49:12.869Z] [LOGIC:PARSER] Identified sequence number on line: 15101 {"day":27,"statusTag":"SKD"}
[2026-08-10T22:49:12.869Z] [LOGIC:PARSER] Extracted TAFB: 4.48 for sequence 15101 
[2026-08-10T22:49:12.869Z] [LOGIC:PARSER] Extracted TAFB: 5.49 for sequence 15101 
[2026-08-10T22:49:12.870Z] [LOGIC:PARSER] Saving new sequence 15101 {"days":[27,28,29,30],"statusTag":"SKD","credit":"16.26"}
[2026-08-10T22:49:12.870Z] [LOGIC:PARSER] Starting parseHI1Schedule {"textLength":952}
[2026-08-10T22:49:12.870Z] [LOGIC:PARSER] Extracted vacations from HI1 {"vacationCount":0}
[2026-08-10T22:49:12.871Z] [LOGIC:PARSER] Identified sequence number on line: 14962 {"day":20,"statusTag":"SKD"}
[2026-08-10T22:49:12.871Z] [LOGIC:PARSER] Extracted TAFB: 6.43 for sequence 14962 
[2026-08-10T22:49:12.871Z] [LOGIC:PARSER] Extracted TAFB: 4.49 for sequence 14962 
[2026-08-10T22:49:12.871Z] [LOGIC:PARSER] Extracted TAFB: 6.25 for sequence 14962 
[2026-08-10T22:49:12.871Z] [LOGIC:PARSER] Saving new sequence 14962 {"days":[20,21,22,23],"statusTag":"SKD","credit":"22.29"}
[2026-08-10T22:49:12.872Z] [LOGIC:PARSER] Identified sequence number on line: 15101 {"day":27,"statusTag":"SKD"}
[2026-08-10T22:49:12.872Z] [LOGIC:PARSER] Extracted TAFB: 4.48 for sequence 15101 
[2026-08-10T22:49:12.872Z] [LOGIC:PARSER] Extracted TAFB: 5.49 for sequence 15101 
[2026-08-10T22:49:12.872Z] [LOGIC:PARSER] Saving new sequence 15101 {"days":[27,28,29,30],"statusTag":"SKD","credit":"16.26"}
[2026-08-10T22:49:13.160Z] [LOGIC:PARSER] Starting parseHI1Schedule {"textLength":957}
[2026-08-10T22:49:13.160Z] [LOGIC:PARSER] Extracted vacations from HI1 {"vacationCount":0}
[2026-08-10T22:49:13.160Z] [LOGIC:PARSER] Identified sequence number on line: 14962 {"day":20,"statusTag":"SKD"}
[2026-08-10T22:49:13.161Z] [LOGIC:PARSER] Extracted TAFB: 6.43 for sequence 14962 
[2026-08-10T22:49:13.161Z] [LOGIC:PARSER] Extracted TAFB: 4.49 for sequence 14962 
[2026-08-10T22:49:13.161Z] [LOGIC:PARSER] Extracted TAFB: 6.25 for sequence 14962 
[2026-08-10T22:49:13.162Z] [LOGIC:PARSER] Saving new sequence 14962 {"days":[20,21,22,23],"statusTag":"SKD","credit":"22.29"}
[2026-08-10T22:49:13.162Z] [LOGIC:PARSER] Identified sequence number on line: 15101 {"day":27,"statusTag":"SKD"}
[2026-08-10T22:49:13.162Z] [LOGIC:PARSER] Extracted TAFB: 4.48 for sequence 15101 
[2026-08-10T22:49:13.162Z] [LOGIC:PARSER] Extracted TAFB: 5.49 for sequence 15101 
[2026-08-10T22:49:13.162Z] [LOGIC:PARSER] Saving new sequence 15101 {"days":[27,28,29,30],"statusTag":"SKD","credit":"16.26"}
[2026-08-10T22:49:13.163Z] [LOGIC:PARSER] Starting parseHI1Schedule {"textLength":957}
[2026-08-10T22:49:13.163Z] [LOGIC:PARSER] Extracted vacations from HI1 {"vacationCount":0}
[2026-08-10T22:49:13.163Z] [LOGIC:PARSER] Identified sequence number on line: 14962 {"day":20,"statusTag":"SKD"}
[2026-08-10T22:49:13.163Z] [LOGIC:PARSER] Extracted TAFB: 6.43 for sequence 14962 
[2026-08-10T22:49:13.164Z] [LOGIC:PARSER] Extracted TAFB: 4.49 for sequence 14962 
[2026-08-10T22:49:13.164Z] [LOGIC:PARSER] Extracted TAFB: 6.25 for sequence 14962 
[2026-08-10T22:49:13.164Z] [LOGIC:PARSER] Saving new sequence 14962 {"days":[20,21,22,23],"statusTag":"SKD","credit":"22.29"}
[2026-08-10T22:49:13.164Z] [LOGIC:PARSER] Identified sequence number on line: 15101 {"day":27,"statusTag":"SKD"}
[2026-08-10T22:49:13.164Z] [LOGIC:PARSER] Extracted TAFB: 4.48 for sequence 15101 
[2026-08-10T22:49:13.165Z] [LOGIC:PARSER] Extracted TAFB: 5.49 for sequence 15101 
[2026-08-10T22:49:13.165Z] [LOGIC:PARSER] Saving new sequence 15101 {"days":[27,28,29,30],"statusTag":"SKD","credit":"16.26"}
[2026-08-10T22:49:13.494Z] [LOGIC:PARSER] Starting parseHI1Schedule {"textLength":1077}
[2026-08-10T22:49:13.494Z] [LOGIC:PARSER] Extracted vacations from HI1 {"vacationCount":0}
[2026-08-10T22:49:13.495Z] [LOGIC:PARSER] Starting parseHI1Schedule {"textLength":1077}
[2026-08-10T22:49:13.495Z] [LOGIC:PARSER] Extracted vacations from HI1 {"vacationCount":0}
[2026-08-10T22:49:15.867Z] [LOGIC:PARSER] Starting parseHI1Schedule {"textLength":1077}
[2026-08-10T22:49:15.867Z] [LOGIC:PARSER] Extracted vacations from HI1 {"vacationCount":0}
[2026-08-10T22:49:15.868Z] [LOGIC:PARSER] Starting parseHI1Schedule {"textLength":1077}
[2026-08-10T22:49:15.868Z] [LOGIC:PARSER] Extracted vacations from HI1 {"vacationCount":0}
[2026-08-10T22:49:16.174Z] [LOGIC:PARSER] Starting parseHI1Schedule {"textLength":1077}
[2026-08-10T22:49:16.175Z] [LOGIC:PARSER] Extracted vacations from HI1 {"vacationCount":0}
[2026-08-10T22:49:16.175Z] [LOGIC:PARSER] Starting parseHI1Schedule {"textLength":1077}
[2026-08-10T22:49:16.176Z] [LOGIC:PARSER] Extracted vacations from HI1 {"vacationCount":0}
[2026-08-10T22:49:16.464Z] [LOGIC:PARSER] Starting parseHI1Schedule {"textLength":1028}
[2026-08-10T22:49:16.465Z] [LOGIC:PARSER] Extracted vacations from HI1 {"vacationCount":0}
[2026-08-10T22:49:16.465Z] [LOGIC:PARSER] Starting parseHI1Schedule {"textLength":1028}
[2026-08-10T22:49:16.465Z] [LOGIC:PARSER] Extracted vacations from HI1 {"vacationCount":0}
[2026-08-10T22:49:17.063Z] [LOGIC:PARSER] Starting parseHI1Schedule {"textLength":1021}
[2026-08-10T22:49:17.063Z] [LOGIC:PARSER] Extracted vacations from HI1 {"vacationCount":0}
[2026-08-10T22:49:17.063Z] [LOGIC:PARSER] Starting parseHI1Schedule {"textLength":1021}
[2026-08-10T22:49:17.064Z] [LOGIC:PARSER] Extracted vacations from HI1 {"vacationCount":0}
[2026-08-10T22:49:17.378Z] [LOGIC:PARSER] Starting parseHI1Schedule {"textLength":1037}
[2026-08-10T22:49:17.378Z] [LOGIC:PARSER] Extracted vacations from HI1 {"vacationCount":0}
[2026-08-10T22:49:17.379Z] [LOGIC:PARSER] Starting parseHI1Schedule {"textLength":1037}
[2026-08-10T22:49:17.379Z] [LOGIC:PARSER] Extracted vacations from HI1 {"vacationCount":0}
[2026-08-10T22:49:17.538Z] [LOGIC:PARSER] Starting parseHI1Schedule {"textLength":3122}
[2026-08-10T22:49:17.539Z] [LOGIC:PARSER] Extracted vacations from HI1 {"vacationCount":0}
[2026-08-10T22:49:17.540Z] [LOGIC:PARSER] Starting parseHI1Schedule {"textLength":3122}
[2026-08-10T22:49:17.540Z] [LOGIC:PARSER] Extracted vacations from HI1 {"vacationCount":0}
[2026-08-10T22:50:42.154Z] [LOGIC:PARSER] Starting parseHI1Schedule {"textLength":3122}
[2026-08-10T22:50:42.155Z] [LOGIC:PARSER] Extracted vacations from HI1 {"vacationCount":0}
[2026-08-10T22:50:42.155Z] [LOGIC:PARSER] Starting parseHI1Schedule {"textLength":3122}
[2026-08-10T22:50:42.156Z] [LOGIC:PARSER] Extracted vacations from HI1 {"vacationCount":0}
[2026-08-10T22:50:51.088Z] [LOGIC:PARSER] Starting parseHI1Schedule {"textLength":3122}
[2026-08-10T22:50:51.088Z] [LOGIC:PARSER] Extracted vacations from HI1 {"vacationCount":0}
[2026-08-10T22:50:51.088Z] [LOGIC:PARSER] Starting parseHI1Schedule {"textLength":3122}
[2026-08-10T22:50:51.089Z] [LOGIC:PARSER] Extracted vacations from HI1 {"vacationCount":0}
[2026-08-10T22:50:58.716Z] [LOGIC:PARSER] Starting parseHI1Schedule {"textLength":3122}
[2026-08-10T22:50:58.717Z] [LOGIC:PARSER] Extracted vacations from HI1 {"vacationCount":0}
[2026-08-10T22:50:58.717Z] [LOGIC:PARSER] Starting parseHI1Schedule {"textLength":3122}
[2026-08-10T22:50:58.717Z] [LOGIC:PARSER] Extracted vacations from HI1 {"vacationCount":0}
[2026-08-10T22:52:30.917Z] [LOGIC:PARSER] Starting parseHI1Schedule {"textLength":3016}
[2026-08-10T22:52:30.918Z] [LOGIC:PARSER] Extracted vacations from HI1 {"vacationCount":0}
[2026-08-10T22:52:30.918Z] [LOGIC:PARSER] Starting parseHI1Schedule {"textLength":3016}
[2026-08-10T22:52:30.918Z] [LOGIC:PARSER] Extracted vacations from HI1 {"vacationCount":0}
[2026-08-10T22:53:48.444Z] [LOGIC:PARSER] Starting parseHI1Schedule {"textLength":3083}
[2026-08-10T22:53:48.444Z] [LOGIC:PARSER] Extracted vacations from HI1 {"vacationCount":1}
[2026-08-10T22:53:48.445Z] [LOGIC:PARSER] Identified sequence number on line: 15156 {"day":6,"statusTag":"SKD"}
[2026-08-10T22:53:48.445Z] [LOGIC:PARSER] Extracted TAFB: 5.01 for sequence 15156 
[2026-08-10T22:53:48.445Z] [LOGIC:PARSER] Discarding dropped sequence 15156 
[2026-08-10T22:53:48.446Z] [LOGIC:PARSER] Identified sequence number on line: 14731 {"day":13,"statusTag":"SKD"}
[2026-08-10T22:53:48.446Z] [LOGIC:PARSER] Extracted TAFB: 7.18 for sequence 14731 
[2026-08-10T22:53:48.446Z] [LOGIC:PARSER] Extracted TAFB: 5.50 for sequence 14731 
[2026-08-10T22:53:48.447Z] [LOGIC:PARSER] Saving new sequence 14731 {"days":[13,14,15,16],"statusTag":"SKD","credit":"17.22"}
[2026-08-10T22:53:48.447Z] [LOGIC:PARSER] Identified sequence number on line: 14962 {"day":20,"statusTag":"SKD"}
[2026-08-10T22:53:48.447Z] [LOGIC:PARSER] Extracted TAFB: 6.43 for sequence 14962 
[2026-08-10T22:53:48.448Z] [LOGIC:PARSER] Saving new sequence 14962 {"days":[20],"statusTag":"SKD","credit":"6.43"}
[2026-08-10T22:53:48.448Z] [LOGIC:PARSER] Identified sequence number on line: 14962 {"day":20,"statusTag":"SKD"}
[2026-08-10T22:53:48.448Z] [LOGIC:PARSER] Extracted TAFB: 6.43 for sequence 14962 
[2026-08-10T22:53:48.448Z] [LOGIC:PARSER] Extracted TAFB: 4.49 for sequence 14962 
[2026-08-10T22:53:48.449Z] [LOGIC:PARSER] Extracted TAFB: 6.25 for sequence 14962 
[2026-08-10T22:53:48.449Z] [LOGIC:PARSER] Merging additional days into sequence 14962 {"addedDays":[20,21,22,23],"credit":"22.29"}
[2026-08-10T22:53:48.449Z] [LOGIC:PARSER] Identified sequence number on line: 15101 {"day":27,"statusTag":"SKD"}
[2026-08-10T22:53:48.449Z] [LOGIC:PARSER] Extracted TAFB: 4.48 for sequence 15101 
[2026-08-10T22:53:48.450Z] [LOGIC:PARSER] Extracted TAFB: 5.49 for sequence 15101 
[2026-08-10T22:53:48.450Z] [LOGIC:PARSER] Saving new sequence 15101 {"days":[27,28,29,30],"statusTag":"SKD","credit":"16.26"}
[2026-08-10T22:54:20.157Z] [LOGIC:PARSER] Starting parseHI1Schedule {"textLength":3122}
[2026-08-10T22:54:20.157Z] [LOGIC:PARSER] Extracted vacations from HI1 {"vacationCount":0}
[2026-08-10T22:54:20.157Z] [LOGIC:PARSER] Starting parseHI1Schedule {"textLength":3122}
[2026-08-10T22:54:20.158Z] [LOGIC:PARSER] Extracted vacations from HI1 {"vacationCount":0}
[2026-08-10T22:58:45.650Z] [LOGIC:PARSER] Starting parseHI1Schedule {"textLength":3122}
[2026-08-10T22:58:45.651Z] [LOGIC:PARSER] Extracted vacations from HI1 {"vacationCount":0}
[2026-08-10T22:58:45.651Z] [LOGIC:PARSER] Starting parseHI1Schedule {"textLength":3122}
[2026-08-10T22:58:45.651Z] [LOGIC:PARSER] Extracted vacations from HI1 {"vacationCount":0}
[2026-08-10T22:58:54.375Z] [LOGIC:PARSER] Starting parseHI1Schedule {"textLength":3122}
[2026-08-10T22:58:54.376Z] [LOGIC:PARSER] Extracted vacations from HI1 {"vacationCount":0}
[2026-08-10T22:58:54.376Z] [LOGIC:PARSER] Starting parseHI1Schedule {"textLength":3122}
[2026-08-10T22:58:54.376Z] [LOGIC:PARSER] Extracted vacations from HI1 {"vacationCount":0}
[2026-08-10T23:00:18.269Z] [LOGIC:PARSER] Starting parseHI1Schedule {"textLength":925}
[2026-08-10T23:00:18.269Z] [LOGIC:PARSER] Extracted vacations from HI1 {"vacationCount":0}
[2026-08-10T23:00:28.577Z] [LOGIC:PARSER] Starting parseHI1Schedule {"textLength":2836}
[2026-08-10T23:00:28.578Z] [LOGIC:PARSER] Extracted vacations from HI1 {"vacationCount":1}
[2026-08-10T23:00:28.578Z] [LOGIC:PARSER] Identified sequence number on line: 15156 {"day":6,"statusTag":"SKD"}
[2026-08-10T23:00:28.578Z] [LOGIC:PARSER] Extracted TAFB: 5.01 for sequence 15156 
[2026-08-10T23:00:28.578Z] [LOGIC:PARSER] Discarding dropped sequence 15156 
[2026-08-10T23:00:28.579Z] [LOGIC:PARSER] Identified sequence number on line: 14731 {"day":13,"statusTag":"SKD"}
[2026-08-10T23:00:28.579Z] [LOGIC:PARSER] Extracted TAFB: 7.18 for sequence 14731 
[2026-08-10T23:00:28.579Z] [LOGIC:PARSER] Extracted TAFB: 5.50 for sequence 14731 
[2026-08-10T23:00:28.580Z] [LOGIC:PARSER] Saving new sequence 14731 {"days":[13,14,15,16],"statusTag":"SKD","credit":"17.22"}
[2026-08-10T23:00:28.580Z] [LOGIC:PARSER] Identified sequence number on line: 14962 {"day":20,"statusTag":"SKD"}
[2026-08-10T23:00:28.580Z] [LOGIC:PARSER] Extracted TAFB: 6.43 for sequence 14962 
[2026-08-10T23:00:28.580Z] [LOGIC:PARSER] Saving new sequence 14962 {"days":[20],"statusTag":"SKD","credit":"6.43"}
[2026-08-10T23:00:28.581Z] [LOGIC:PARSER] Identified sequence number on line: 14962 {"day":20,"statusTag":"SKD"}
[2026-08-10T23:00:28.581Z] [LOGIC:PARSER] Extracted TAFB: 6.43 for sequence 14962 
[2026-08-10T23:00:28.581Z] [LOGIC:PARSER] Extracted TAFB: 4.49 for sequence 14962 
[2026-08-10T23:00:28.581Z] [LOGIC:PARSER] Extracted TAFB: 6.25 for sequence 14962 
[2026-08-10T23:00:28.582Z] [LOGIC:PARSER] Merging additional days into sequence 14962 {"addedDays":[20,21,22,23],"credit":"22.29"}
[2026-08-10T23:00:28.582Z] [LOGIC:PARSER] Identified sequence number on line: 15101 {"day":27,"statusTag":"SKD"}
[2026-08-10T23:00:28.582Z] [LOGIC:PARSER] Extracted TAFB: 4.48 for sequence 15101 
[2026-08-10T23:00:28.582Z] [LOGIC:PARSER] Extracted TAFB: 5.49 for sequence 15101 
[2026-08-10T23:00:28.582Z] [LOGIC:PARSER] Saving new sequence 15101 {"days":[27,28,29,30],"statusTag":"SKD","credit":"16.26"}
[2026-08-10T23:01:39.941Z] [LOGIC:PARSER] Starting parseHI1Schedule {"textLength":3110}
[2026-08-10T23:01:39.942Z] [LOGIC:PARSER] Extracted vacations from HI1 {"vacationCount":0}
[2026-08-10T23:01:39.942Z] [LOGIC:PARSER] Starting parseHI1Schedule {"textLength":3110}
[2026-08-10T23:01:39.942Z] [LOGIC:PARSER] Extracted vacations from HI1 {"vacationCount":0}
[2026-08-10T23:01:46.058Z] [LOGIC:PARSER] Starting parseHI1Schedule {"textLength":3016}
[2026-08-10T23:01:46.058Z] [LOGIC:PARSER] Extracted vacations from HI1 {"vacationCount":0}
[2026-08-10T23:01:46.059Z] [LOGIC:PARSER] Starting parseHI1Schedule {"textLength":3016}
[2026-08-10T23:01:46.059Z] [LOGIC:PARSER] Extracted vacations from HI1 {"vacationCount":0}
[2026-08-10T23:04:18.744Z] [LOGIC:PARSER] Starting parseHI1Schedule {"textLength":3016}
[2026-08-10T23:04:18.744Z] [LOGIC:PARSER] Extracted vacations from HI1 {"vacationCount":0}
[2026-08-10T23:04:18.744Z] [LOGIC:PARSER] Starting parseHI1Schedule {"textLength":3016}
[2026-08-10T23:04:18.745Z] [LOGIC:PARSER] Extracted vacations from HI1 {"vacationCount":0}
[2026-08-10T23:07:56.753Z] [LOGIC:PARSER] Starting parseHI1Schedule {"textLength":3016}
[2026-08-10T23:07:56.754Z] [LOGIC:PARSER] Extracted vacations from HI1 {"vacationCount":0}
[2026-08-10T23:07:56.754Z] [LOGIC:PARSER] Starting parseHI1Schedule {"textLength":3016}
[2026-08-10T23:07:56.755Z] [LOGIC:PARSER] Extracted vacations from HI1 {"vacationCount":0}
[2026-08-10T23:09:23.552Z] [LOGIC:PARSER] Starting parseHI1Schedule {"textLength":5281}
[2026-08-10T23:09:23.552Z] [LOGIC:PARSER] Extracted vacations from HI1 {"vacationCount":0}
[2026-08-10T23:09:23.552Z] [LOGIC:PARSER] Identified sequence number on line: 17352 {"day":6,"statusTag":"SKD"}
[2026-08-10T23:09:23.553Z] [LOGIC:PARSER] Extracted TAFB: 6.50 for sequence 17352 
[2026-08-10T23:09:23.553Z] [LOGIC:PARSER] Identified sequence number on line: 21649 {"day":6,"statusTag":"TT"}
[2026-08-10T23:09:23.553Z] [LOGIC:PARSER] Sequence transition detected from 17352 to 21649 
[2026-08-10T23:09:23.553Z] [LOGIC:PARSER] Saving new sequence 17352 {"days":[6,7,8],"statusTag":"TT","credit":"0.00"}
[2026-08-10T23:09:23.554Z] [LOGIC:PARSER] Extracted TAFB: 6.48 for sequence 21649 
[2026-08-10T23:09:23.554Z] [LOGIC:PARSER] Saving new sequence 21649 {"days":[6,7,8],"statusTag":"TT","credit":"17.34"}
[2026-08-10T23:09:23.554Z] [LOGIC:PARSER] Identified sequence number on line: 17475 {"day":11,"statusTag":"SKD"}
[2026-08-10T23:09:23.554Z] [LOGIC:PARSER] Extracted TAFB: 8.59 for sequence 17475 
[2026-08-10T23:09:23.554Z] [LOGIC:PARSER] Identified sequence number on line: 18080 {"day":11,"statusTag":"SKD"}
[2026-08-10T23:09:23.554Z] [LOGIC:PARSER] Sequence transition detected from 17475 to 18080 
[2026-08-10T23:09:23.555Z] [LOGIC:PARSER] Saving new sequence 17475 {"days":[11,12,13,14],"statusTag":"SKD","credit":"0.00"}
[2026-08-10T23:09:23.555Z] [LOGIC:PARSER] Extracted TAFB: 5.28 for sequence 18080 
[2026-08-10T23:09:23.555Z] [LOGIC:PARSER] Extracted TAFB: 8.00 for sequence 18080 
[2026-08-10T23:09:23.555Z] [LOGIC:PARSER] Identified sequence number on line: 18080 {"day":11,"statusTag":"SKD"}
[2026-08-10T23:09:23.556Z] [LOGIC:PARSER] Extracted TAFB: 5.28 for sequence 18080 
[2026-08-10T23:09:23.556Z] [LOGIC:PARSER] Saving new sequence 18080 {"days":[11,12,13,14],"statusTag":"SKD","credit":"15.37"}
[2026-08-10T23:09:23.556Z] [LOGIC:PARSER] Identified sequence number on line: 21514 {"day":15,"statusTag":"SKD"}
[2026-08-10T23:09:23.557Z] [LOGIC:PARSER] Saving new sequence 21514 {"days":[15],"statusTag":"OT","credit":"0.00"}
[2026-08-10T23:09:23.557Z] [LOGIC:PARSER] Identified sequence number on line: 21614 {"day":17,"statusTag":"SKD"}
[2026-08-10T23:09:23.557Z] [LOGIC:PARSER] Extracted TAFB: 7.27 for sequence 21614 
[2026-08-10T23:09:23.557Z] [LOGIC:PARSER] Saving new sequence 21614 {"days":[17],"statusTag":"SKD","credit":"7.40"}
[2026-08-10T23:09:23.557Z] [LOGIC:PARSER] Identified sequence number on line: 21614 {"day":17,"statusTag":"SKD"}
[2026-08-10T23:09:23.558Z] [LOGIC:PARSER] Identified sequence number on line: 21596 {"day":18,"statusTag":"OT"}
[2026-08-10T23:09:23.558Z] [LOGIC:PARSER] Sequence transition detected from 21614 to 21596 
[2026-08-10T23:09:23.558Z] [LOGIC:PARSER] Merging additional days into sequence 21614 {"addedDays":[17],"credit":"0.00"}
[2026-08-10T23:09:23.558Z] [LOGIC:PARSER] Identified sequence number on line: 17495 {"day":18,"statusTag":"SKD"}
[2026-08-10T23:09:23.559Z] [LOGIC:PARSER] Sequence transition detected from 21596 to 17495 
[2026-08-10T23:09:23.559Z] [LOGIC:PARSER] Saving new sequence 21596 {"days":[18],"statusTag":"SKD","credit":"1.09"}
[2026-08-10T23:09:23.559Z] [LOGIC:PARSER] Extracted TAFB: 6.24 for sequence 17495 
[2026-08-10T23:09:23.559Z] [LOGIC:PARSER] Extracted TAFB: 5.17 for sequence 17495 
[2026-08-10T23:09:23.559Z] [LOGIC:PARSER] Identified sequence number on line: 17495 {"day":18,"statusTag":"SKD"}
[2026-08-10T23:09:23.559Z] [LOGIC:PARSER] Extracted TAFB: 6.24 for sequence 17495 
[2026-08-10T23:09:23.560Z] [LOGIC:PARSER] Extracted TAFB: 7.19 for sequence 17495 
[2026-08-10T23:09:23.560Z] [LOGIC:PARSER] Saving new sequence 17495 {"days":[18,19,20,21],"statusTag":"SKD","credit":"19.54"}
[2026-08-10T23:09:23.560Z] [LOGIC:PARSER] Identified sequence number on line: 21566 {"day":23,"statusTag":"SKD"}
[2026-08-10T23:09:23.560Z] [LOGIC:PARSER] Saving new sequence 21566 {"days":[23],"statusTag":"OT","credit":"0.00"}
[2026-08-10T23:09:23.561Z] [LOGIC:PARSER] Identified sequence number on line: 17333 {"day":24,"statusTag":"SKD"}
[2026-08-10T23:09:23.561Z] [LOGIC:PARSER] Extracted TAFB: 5.33 for sequence 17333 
[2026-08-10T23:09:23.561Z] [LOGIC:PARSER] Extracted TAFB: 5.01 for sequence 17333 
[2026-08-10T23:09:23.561Z] [LOGIC:PARSER] Identified sequence number on line: 17333 {"day":24,"statusTag":"SKD"}
[2026-08-10T23:09:23.561Z] [LOGIC:PARSER] Extracted TAFB: 6.07 for sequence 17333 
[2026-08-10T23:09:23.561Z] [LOGIC:PARSER] Extracted TAFB: 6.07 for sequence 17333 
[2026-08-10T23:09:23.562Z] [LOGIC:PARSER] Extracted TAFB: 5.01 for sequence 17333 
[2026-08-10T23:09:23.562Z] [LOGIC:PARSER] Saving new sequence 17333 {"days":[24,25,26],"statusTag":"SKD","credit":"14.52"}
[2026-08-10T23:09:23.562Z] [LOGIC:PARSER] Identified sequence number on line: 17894 {"day":27,"statusTag":"SKD"}
[2026-08-10T23:09:23.562Z] [LOGIC:PARSER] Extracted TAFB: 2.05 for sequence 17894 
[2026-08-10T23:09:23.563Z] [LOGIC:PARSER] Identified sequence number on line: 17894 {"day":27,"statusTag":"SKD"}
[2026-08-10T23:09:23.563Z] [LOGIC:PARSER] Extracted TAFB: 1.44 for sequence 17894 
[2026-08-10T23:09:23.563Z] [LOGIC:PARSER] Saving new sequence 17894 {"days":[27,28],"statusTag":"SKD","credit":"6.20"}
[2026-08-10T23:09:23.563Z] [LOGIC:PARSER] Identified sequence number on line: 17270 {"day":30,"statusTag":"SKD"}
[2026-08-10T23:09:23.563Z] [LOGIC:PARSER] Extracted TAFB: 5.31 for sequence 17270 
[2026-08-10T23:09:23.564Z] [LOGIC:PARSER] Extracted TAFB: 3.54 for sequence 17270 
[2026-08-10T23:09:23.564Z] [LOGIC:PARSER] Saving new sequence 17270 {"days":[30,31],"statusTag":"SKD","credit":"0.00"}
[2026-08-10T23:18:21.816Z] [LOGIC:PARSER] Starting parseHI1Schedule {"textLength":949}
[2026-08-10T23:18:21.816Z] [LOGIC:PARSER] Extracted vacations from HI1 {"vacationCount":0}
[2026-08-10T23:18:21.817Z] [LOGIC:PARSER] Identified sequence number on line: 17352 {"day":6,"statusTag":"SKD"}
[2026-08-10T23:18:21.817Z] [LOGIC:PARSER] Saving new sequence 17352 {"days":[6,7],"statusTag":"TT","credit":"4.39"}
[2026-08-10T23:18:21.818Z] [LOGIC:PARSER] Starting parseHI1Schedule {"textLength":949}
[2026-08-10T23:18:21.819Z] [LOGIC:PARSER] Extracted vacations from HI1 {"vacationCount":0}
[2026-08-10T23:18:21.819Z] [LOGIC:PARSER] Identified sequence number on line: 17352 {"day":6,"statusTag":"SKD"}
[2026-08-10T23:18:21.819Z] [LOGIC:PARSER] Saving new sequence 17352 {"days":[6,7],"statusTag":"TT","credit":"4.39"}
[2026-08-10T23:18:23.311Z] [LOGIC:PARSER] Starting parseHI1Schedule {"textLength":951}
[2026-08-10T23:18:23.311Z] [LOGIC:PARSER] Extracted vacations from HI1 {"vacationCount":0}
[2026-08-10T23:18:23.312Z] [LOGIC:PARSER] Identified sequence number on line: 17352 {"day":6,"statusTag":"SKD"}
[2026-08-10T23:18:23.312Z] [LOGIC:PARSER] Saving new sequence 17352 {"days":[6,7],"statusTag":"TT","credit":"4.39"}
[2026-08-10T23:18:23.312Z] [LOGIC:PARSER] Starting parseHI1Schedule {"textLength":951}
[2026-08-10T23:18:23.312Z] [LOGIC:PARSER] Extracted vacations from HI1 {"vacationCount":0}
[2026-08-10T23:18:23.313Z] [LOGIC:PARSER] Identified sequence number on line: 17352 {"day":6,"statusTag":"SKD"}
[2026-08-10T23:18:23.313Z] [LOGIC:PARSER] Saving new sequence 17352 {"days":[6,7],"statusTag":"TT","credit":"4.39"}
[2026-08-10T23:18:23.607Z] [LOGIC:PARSER] Starting parseHI1Schedule {"textLength":952}
[2026-08-10T23:18:23.607Z] [LOGIC:PARSER] Extracted vacations from HI1 {"vacationCount":0}
[2026-08-10T23:18:23.607Z] [LOGIC:PARSER] Identified sequence number on line: 17352 {"day":6,"statusTag":"SKD"}
[2026-08-10T23:18:23.608Z] [LOGIC:PARSER] Saving new sequence 17352 {"days":[6,7],"statusTag":"TT","credit":"4.39"}
[2026-08-10T23:18:23.608Z] [LOGIC:PARSER] Starting parseHI1Schedule {"textLength":952}
[2026-08-10T23:18:23.608Z] [LOGIC:PARSER] Extracted vacations from HI1 {"vacationCount":0}
[2026-08-10T23:18:23.609Z] [LOGIC:PARSER] Identified sequence number on line: 17352 {"day":6,"statusTag":"SKD"}
[2026-08-10T23:18:23.609Z] [LOGIC:PARSER] Saving new sequence 17352 {"days":[6,7],"statusTag":"TT","credit":"4.39"}
[2026-08-10T23:18:23.921Z] [LOGIC:PARSER] Starting parseHI1Schedule {"textLength":1079}
[2026-08-10T23:18:23.921Z] [LOGIC:PARSER] Extracted vacations from HI1 {"vacationCount":0}
[2026-08-10T23:18:23.922Z] [LOGIC:PARSER] Extracted TAFB: 6.50 for sequence SEQ-8 
[2026-08-10T23:18:23.922Z] [LOGIC:PARSER] Identified sequence number on line: 21649 {"day":6,"statusTag":"SKD"}
[2026-08-10T23:18:23.922Z] [LOGIC:PARSER] Sequence transition detected from SEQ-8 to 21649 
[2026-08-10T23:18:23.923Z] [LOGIC:PARSER] Saving new sequence SEQ-8 {"days":[8],"statusTag":"SKD","credit":"0.00"}
[2026-08-10T23:18:23.923Z] [LOGIC:PARSER] Extracted TAFB: 6.48 for sequence 21649 
[2026-08-10T23:18:23.923Z] [LOGIC:PARSER] Saving new sequence 21649 {"days":[6,7,8],"statusTag":"TT","credit":"17.34"}
[2026-08-10T23:18:23.923Z] [LOGIC:PARSER] Identified sequence number on line: 17475 {"day":11,"statusTag":"SKD"}
[2026-08-10T23:18:23.924Z] [LOGIC:PARSER] Extracted TAFB: 8.59 for sequence 17475 
[2026-08-10T23:18:23.924Z] [LOGIC:PARSER] Identified sequence number on line: 18080 {"day":11,"statusTag":"SKD"}
[2026-08-10T23:18:23.924Z] [LOGIC:PARSER] Sequence transition detected from 17475 to 18080 
[2026-08-10T23:18:23.924Z] [LOGIC:PARSER] Saving new sequence 17475 {"days":[11,12,13,14],"statusTag":"SKD","credit":"0.00"}
[2026-08-10T23:18:23.924Z] [LOGIC:PARSER] Extracted TAFB: 5.28 for sequence 18080 
[2026-08-10T23:18:23.925Z] [LOGIC:PARSER] Extracted TAFB: 8.00 for sequence 18080 
[2026-08-10T23:18:23.925Z] [LOGIC:PARSER] Identified sequence number on line: 18080 {"day":11,"statusTag":"SKD"}
[2026-08-10T23:18:23.925Z] [LOGIC:PARSER] Saving new sequence 18080 {"days":[11,12,13,14],"statusTag":"SKD","credit":"0.00"}
[2026-08-10T23:18:23.925Z] [LOGIC:PARSER] Starting parseHI1Schedule {"textLength":1079}
[2026-08-10T23:18:23.925Z] [LOGIC:PARSER] Extracted vacations from HI1 {"vacationCount":0}
[2026-08-10T23:18:23.926Z] [LOGIC:PARSER] Extracted TAFB: 6.50 for sequence SEQ-8 
[2026-08-10T23:18:23.926Z] [LOGIC:PARSER] Identified sequence number on line: 21649 {"day":6,"statusTag":"SKD"}
[2026-08-10T23:18:23.926Z] [LOGIC:PARSER] Sequence transition detected from SEQ-8 to 21649 
[2026-08-10T23:18:23.926Z] [LOGIC:PARSER] Saving new sequence SEQ-8 {"days":[8],"statusTag":"SKD","credit":"0.00"}
[2026-08-10T23:18:23.926Z] [LOGIC:PARSER] Extracted TAFB: 6.48 for sequence 21649 
[2026-08-10T23:18:23.927Z] [LOGIC:PARSER] Saving new sequence 21649 {"days":[6,7,8],"statusTag":"TT","credit":"17.34"}
[2026-08-10T23:18:23.927Z] [LOGIC:PARSER] Identified sequence number on line: 17475 {"day":11,"statusTag":"SKD"}
[2026-08-10T23:18:23.927Z] [LOGIC:PARSER] Extracted TAFB: 8.59 for sequence 17475 
[2026-08-10T23:18:23.927Z] [LOGIC:PARSER] Identified sequence number on line: 18080 {"day":11,"statusTag":"SKD"}
[2026-08-10T23:18:23.928Z] [LOGIC:PARSER] Sequence transition detected from 17475 to 18080 
[2026-08-10T23:18:23.928Z] [LOGIC:PARSER] Saving new sequence 17475 {"days":[11,12,13,14],"statusTag":"SKD","credit":"0.00"}
[2026-08-10T23:18:23.928Z] [LOGIC:PARSER] Extracted TAFB: 5.28 for sequence 18080 
[2026-08-10T23:18:23.928Z] [LOGIC:PARSER] Extracted TAFB: 8.00 for sequence 18080 
[2026-08-10T23:18:23.929Z] [LOGIC:PARSER] Identified sequence number on line: 18080 {"day":11,"statusTag":"SKD"}
[2026-08-10T23:18:23.929Z] [LOGIC:PARSER] Saving new sequence 18080 {"days":[11,12,13,14],"statusTag":"SKD","credit":"0.00"}
[2026-08-10T23:18:24.514Z] [LOGIC:PARSER] Starting parseHI1Schedule {"textLength":1138}
[2026-08-10T23:18:24.514Z] [LOGIC:PARSER] Extracted vacations from HI1 {"vacationCount":0}
[2026-08-10T23:18:24.515Z] [LOGIC:PARSER] Saving new sequence SEQ-12 {"days":[12,13,14],"statusTag":"SKD","credit":"15.37"}
[2026-08-10T23:18:24.515Z] [LOGIC:PARSER] Identified sequence number on line: 21514 {"day":15,"statusTag":"SKD"}
[2026-08-10T23:18:24.515Z] [LOGIC:PARSER] Saving new sequence 21514 {"days":[15],"statusTag":"OT","credit":"0.00"}
[2026-08-10T23:18:24.516Z] [LOGIC:PARSER] Identified sequence number on line: 21614 {"day":17,"statusTag":"SKD"}
[2026-08-10T23:18:24.516Z] [LOGIC:PARSER] Extracted TAFB: 7.27 for sequence 21614 
[2026-08-10T23:18:24.516Z] [LOGIC:PARSER] Saving new sequence 21614 {"days":[17],"statusTag":"SKD","credit":"7.40"}
[2026-08-10T23:18:24.516Z] [LOGIC:PARSER] Identified sequence number on line: 21614 {"day":17,"statusTag":"SKD"}
[2026-08-10T23:18:24.517Z] [LOGIC:PARSER] Identified sequence number on line: 21596 {"day":18,"statusTag":"OT"}
[2026-08-10T23:18:24.517Z] [LOGIC:PARSER] Sequence transition detected from 21614 to 21596 
[2026-08-10T23:18:24.517Z] [LOGIC:PARSER] Merging additional days into sequence 21614 {"addedDays":[17],"credit":"0.00"}
[2026-08-10T23:18:24.517Z] [LOGIC:PARSER] Identified sequence number on line: 17495 {"day":18,"statusTag":"SKD"}
[2026-08-10T23:18:24.518Z] [LOGIC:PARSER] Sequence transition detected from 21596 to 17495 
[2026-08-10T23:18:24.518Z] [LOGIC:PARSER] Saving new sequence 21596 {"days":[18],"statusTag":"SKD","credit":"1.09"}
[2026-08-10T23:18:24.518Z] [LOGIC:PARSER] Extracted TAFB: 6.24 for sequence 17495 
[2026-08-10T23:18:24.519Z] [LOGIC:PARSER] Extracted TAFB: 5.17 for sequence 17495 
[2026-08-10T23:18:24.519Z] [LOGIC:PARSER] Saving new sequence 17495 {"days":[18,19,20,21],"statusTag":"SKD","credit":"0.00"}
[2026-08-10T23:18:24.519Z] [LOGIC:PARSER] Starting parseHI1Schedule {"textLength":1138}
[2026-08-10T23:18:24.520Z] [LOGIC:PARSER] Extracted vacations from HI1 {"vacationCount":0}
[2026-08-10T23:18:24.520Z] [LOGIC:PARSER] Saving new sequence SEQ-12 {"days":[12,13,14],"statusTag":"SKD","credit":"15.37"}
[2026-08-10T23:18:24.520Z] [LOGIC:PARSER] Identified sequence number on line: 21514 {"day":15,"statusTag":"SKD"}
[2026-08-10T23:18:24.520Z] [LOGIC:PARSER] Saving new sequence 21514 {"days":[15],"statusTag":"OT","credit":"0.00"}
[2026-08-10T23:18:24.521Z] [LOGIC:PARSER] Identified sequence number on line: 21614 {"day":17,"statusTag":"SKD"}
[2026-08-10T23:18:24.521Z] [LOGIC:PARSER] Extracted TAFB: 7.27 for sequence 21614 
[2026-08-10T23:18:24.521Z] [LOGIC:PARSER] Saving new sequence 21614 {"days":[17],"statusTag":"SKD","credit":"7.40"}
[2026-08-10T23:18:24.521Z] [LOGIC:PARSER] Identified sequence number on line: 21614 {"day":17,"statusTag":"SKD"}
[2026-08-10T23:18:24.521Z] [LOGIC:PARSER] Identified sequence number on line: 21596 {"day":18,"statusTag":"OT"}
[2026-08-10T23:18:24.522Z] [LOGIC:PARSER] Sequence transition detected from 21614 to 21596 
[2026-08-10T23:18:24.522Z] [LOGIC:PARSER] Merging additional days into sequence 21614 {"addedDays":[17],"credit":"0.00"}
[2026-08-10T23:18:24.522Z] [LOGIC:PARSER] Identified sequence number on line: 17495 {"day":18,"statusTag":"SKD"}
[2026-08-10T23:18:24.522Z] [LOGIC:PARSER] Sequence transition detected from 21596 to 17495 
[2026-08-10T23:18:24.523Z] [LOGIC:PARSER] Saving new sequence 21596 {"days":[18],"statusTag":"SKD","credit":"1.09"}
[2026-08-10T23:18:24.523Z] [LOGIC:PARSER] Extracted TAFB: 6.24 for sequence 17495 
[2026-08-10T23:18:24.523Z] [LOGIC:PARSER] Extracted TAFB: 5.17 for sequence 17495 
[2026-08-10T23:18:24.523Z] [LOGIC:PARSER] Saving new sequence 17495 {"days":[18,19,20,21],"statusTag":"SKD","credit":"0.00"}
[2026-08-10T23:18:25.108Z] [LOGIC:PARSER] Starting parseHI1Schedule {"textLength":1092}
[2026-08-10T23:18:25.108Z] [LOGIC:PARSER] Extracted vacations from HI1 {"vacationCount":0}
[2026-08-10T23:18:25.108Z] [LOGIC:PARSER] Identified sequence number on line: 17495 {"day":18,"statusTag":"SKD"}
[2026-08-10T23:18:25.109Z] [LOGIC:PARSER] Extracted TAFB: 6.24 for sequence 17495 
[2026-08-10T23:18:25.110Z] [LOGIC:PARSER] Extracted TAFB: 7.19 for sequence 17495 
[2026-08-10T23:18:25.110Z] [LOGIC:PARSER] Saving new sequence 17495 {"days":[18,19,20,21],"statusTag":"SKD","credit":"19.54"}
[2026-08-10T23:18:25.110Z] [LOGIC:PARSER] Identified sequence number on line: 21566 {"day":23,"statusTag":"SKD"}
[2026-08-10T23:18:25.110Z] [LOGIC:PARSER] Saving new sequence 21566 {"days":[23],"statusTag":"OT","credit":"0.00"}
[2026-08-10T23:18:25.110Z] [LOGIC:PARSER] Identified sequence number on line: 17333 {"day":24,"statusTag":"SKD"}
[2026-08-10T23:18:25.111Z] [LOGIC:PARSER] Extracted TAFB: 5.33 for sequence 17333 
[2026-08-10T23:18:25.111Z] [LOGIC:PARSER] Extracted TAFB: 5.01 for sequence 17333 
[2026-08-10T23:18:25.111Z] [LOGIC:PARSER] Identified sequence number on line: 17333 {"day":24,"statusTag":"SKD"}
[2026-08-10T23:18:25.111Z] [LOGIC:PARSER] Extracted TAFB: 6.07 for sequence 17333 
[2026-08-10T23:18:25.112Z] [LOGIC:PARSER] Saving new sequence 17333 {"days":[24,25,26],"statusTag":"SKD","credit":"3.44"}
[2026-08-10T23:18:25.112Z] [LOGIC:PARSER] Starting parseHI1Schedule {"textLength":1092}
[2026-08-10T23:18:25.112Z] [LOGIC:PARSER] Extracted vacations from HI1 {"vacationCount":0}
[2026-08-10T23:18:25.112Z] [LOGIC:PARSER] Identified sequence number on line: 17495 {"day":18,"statusTag":"SKD"}
[2026-08-10T23:18:25.113Z] [LOGIC:PARSER] Extracted TAFB: 6.24 for sequence 17495 
[2026-08-10T23:18:25.113Z] [LOGIC:PARSER] Extracted TAFB: 7.19 for sequence 17495 
[2026-08-10T23:18:25.113Z] [LOGIC:PARSER] Saving new sequence 17495 {"days":[18,19,20,21],"statusTag":"SKD","credit":"19.54"}
[2026-08-10T23:18:25.113Z] [LOGIC:PARSER] Identified sequence number on line: 21566 {"day":23,"statusTag":"SKD"}
[2026-08-10T23:18:25.114Z] [LOGIC:PARSER] Saving new sequence 21566 {"days":[23],"statusTag":"OT","credit":"0.00"}
[2026-08-10T23:18:25.114Z] [LOGIC:PARSER] Identified sequence number on line: 17333 {"day":24,"statusTag":"SKD"}
[2026-08-10T23:18:25.114Z] [LOGIC:PARSER] Extracted TAFB: 5.33 for sequence 17333 
[2026-08-10T23:18:25.114Z] [LOGIC:PARSER] Extracted TAFB: 5.01 for sequence 17333 
[2026-08-10T23:18:25.114Z] [LOGIC:PARSER] Identified sequence number on line: 17333 {"day":24,"statusTag":"SKD"}
[2026-08-10T23:18:25.115Z] [LOGIC:PARSER] Extracted TAFB: 6.07 for sequence 17333 
[2026-08-10T23:18:25.115Z] [LOGIC:PARSER] Saving new sequence 17333 {"days":[24,25,26],"statusTag":"SKD","credit":"3.44"}
[2026-08-10T23:18:25.606Z] [LOGIC:PARSER] Starting parseHI1Schedule {"textLength":5281}
[2026-08-10T23:18:25.607Z] [LOGIC:PARSER] Extracted vacations from HI1 {"vacationCount":0}
[2026-08-10T23:18:25.607Z] [LOGIC:PARSER] Identified sequence number on line: 17352 {"day":6,"statusTag":"SKD"}
[2026-08-10T23:18:25.607Z] [LOGIC:PARSER] Extracted TAFB: 6.50 for sequence 17352 
[2026-08-10T23:18:25.608Z] [LOGIC:PARSER] Identified sequence number on line: 21649 {"day":6,"statusTag":"TT"}
[2026-08-10T23:18:25.608Z] [LOGIC:PARSER] Sequence transition detected from 17352 to 21649 
[2026-08-10T23:18:25.608Z] [LOGIC:PARSER] Saving new sequence 17352 {"days":[6,7,8],"statusTag":"TT","credit":"0.00"}
[2026-08-10T23:18:25.608Z] [LOGIC:PARSER] Extracted TAFB: 6.48 for sequence 21649 
[2026-08-10T23:18:25.609Z] [LOGIC:PARSER] Saving new sequence 21649 {"days":[6,7,8],"statusTag":"TT","credit":"17.34"}
[2026-08-10T23:18:25.609Z] [LOGIC:PARSER] Identified sequence number on line: 17475 {"day":11,"statusTag":"SKD"}
[2026-08-10T23:18:25.609Z] [LOGIC:PARSER] Extracted TAFB: 8.59 for sequence 17475 
[2026-08-10T23:18:25.609Z] [LOGIC:PARSER] Identified sequence number on line: 18080 {"day":11,"statusTag":"SKD"}
[2026-08-10T23:18:25.610Z] [LOGIC:PARSER] Sequence transition detected from 17475 to 18080 
[2026-08-10T23:18:25.610Z] [LOGIC:PARSER] Saving new sequence 17475 {"days":[11,12,13,14],"statusTag":"SKD","credit":"0.00"}
[2026-08-10T23:18:25.610Z] [LOGIC:PARSER] Extracted TAFB: 5.28 for sequence 18080 
[2026-08-10T23:18:25.610Z] [LOGIC:PARSER] Extracted TAFB: 8.00 for sequence 18080 
[2026-08-10T23:18:25.610Z] [LOGIC:PARSER] Identified sequence number on line: 18080 {"day":11,"statusTag":"SKD"}
[2026-08-10T23:18:25.611Z] [LOGIC:PARSER] Extracted TAFB: 5.28 for sequence 18080 
[2026-08-10T23:18:25.611Z] [LOGIC:PARSER] Saving new sequence 18080 {"days":[11,12,13,14],"statusTag":"SKD","credit":"15.37"}
[2026-08-10T23:18:25.611Z] [LOGIC:PARSER] Identified sequence number on line: 21514 {"day":15,"statusTag":"SKD"}
[2026-08-10T23:18:25.612Z] [LOGIC:PARSER] Saving new sequence 21514 {"days":[15],"statusTag":"OT","credit":"0.00"}
[2026-08-10T23:18:25.612Z] [LOGIC:PARSER] Identified sequence number on line: 21614 {"day":17,"statusTag":"SKD"}
[2026-08-10T23:18:25.612Z] [LOGIC:PARSER] Extracted TAFB: 7.27 for sequence 21614 
[2026-08-10T23:18:25.612Z] [LOGIC:PARSER] Saving new sequence 21614 {"days":[17],"statusTag":"SKD","credit":"7.40"}
[2026-08-10T23:18:25.612Z] [LOGIC:PARSER] Identified sequence number on line: 21614 {"day":17,"statusTag":"SKD"}
[2026-08-10T23:18:25.613Z] [LOGIC:PARSER] Identified sequence number on line: 21596 {"day":18,"statusTag":"OT"}
[2026-08-10T23:18:25.613Z] [LOGIC:PARSER] Sequence transition detected from 21614 to 21596 
[2026-08-10T23:18:25.613Z] [LOGIC:PARSER] Merging additional days into sequence 21614 {"addedDays":[17],"credit":"0.00"}
[2026-08-10T23:18:25.613Z] [LOGIC:PARSER] Identified sequence number on line: 17495 {"day":18,"statusTag":"SKD"}
[2026-08-10T23:18:25.613Z] [LOGIC:PARSER] Sequence transition detected from 21596 to 17495 
[2026-08-10T23:18:25.614Z] [LOGIC:PARSER] Saving new sequence 21596 {"days":[18],"statusTag":"SKD","credit":"1.09"}
[2026-08-10T23:18:25.614Z] [LOGIC:PARSER] Extracted TAFB: 6.24 for sequence 17495 
[2026-08-10T23:18:25.614Z] [LOGIC:PARSER] Extracted TAFB: 5.17 for sequence 17495 
[2026-08-10T23:18:25.614Z] [LOGIC:PARSER] Identified sequence number on line: 17495 {"day":18,"statusTag":"SKD"}
[2026-08-10T23:18:25.615Z] [LOGIC:PARSER] Extracted TAFB: 6.24 for sequence 17495 
[2026-08-10T23:18:25.615Z] [LOGIC:PARSER] Extracted TAFB: 7.19 for sequence 17495 
[2026-08-10T23:18:25.615Z] [LOGIC:PARSER] Saving new sequence 17495 {"days":[18,19,20,21],"statusTag":"SKD","credit":"19.54"}
[2026-08-10T23:18:25.615Z] [LOGIC:PARSER] Identified sequence number on line: 21566 {"day":23,"statusTag":"SKD"}
[2026-08-10T23:18:25.616Z] [LOGIC:PARSER] Saving new sequence 21566 {"days":[23],"statusTag":"OT","credit":"0.00"}
[2026-08-10T23:18:25.616Z] [LOGIC:PARSER] Identified sequence number on line: 17333 {"day":24,"statusTag":"SKD"}
[2026-08-10T23:18:25.616Z] [LOGIC:PARSER] Extracted TAFB: 5.33 for sequence 17333 
[2026-08-10T23:18:25.616Z] [LOGIC:PARSER] Extracted TAFB: 5.01 for sequence 17333 
[2026-08-10T23:18:25.616Z] [LOGIC:PARSER] Identified sequence number on line: 17333 {"day":24,"statusTag":"SKD"}
[2026-08-10T23:18:25.617Z] [LOGIC:PARSER] Extracted TAFB: 6.07 for sequence 17333 
[2026-08-10T23:18:25.617Z] [LOGIC:PARSER] Extracted TAFB: 6.07 for sequence 17333 
[2026-08-10T23:18:25.617Z] [LOGIC:PARSER] Extracted TAFB: 5.01 for sequence 17333 
[2026-08-10T23:18:25.617Z] [LOGIC:PARSER] Saving new sequence 17333 {"days":[24,25,26],"statusTag":"SKD","credit":"14.52"}
[2026-08-10T23:18:25.618Z] [LOGIC:PARSER] Identified sequence number on line: 17894 {"day":27,"statusTag":"SKD"}
[2026-08-10T23:18:25.618Z] [LOGIC:PARSER] Extracted TAFB: 2.05 for sequence 17894 
[2026-08-10T23:18:25.618Z] [LOGIC:PARSER] Identified sequence number on line: 17894 {"day":27,"statusTag":"SKD"}
[2026-08-10T23:18:25.618Z] [LOGIC:PARSER] Extracted TAFB: 1.44 for sequence 17894 
[2026-08-10T23:18:25.618Z] [LOGIC:PARSER] Saving new sequence 17894 {"days":[27,28],"statusTag":"SKD","credit":"6.20"}
[2026-08-10T23:18:25.619Z] [LOGIC:PARSER] Identified sequence number on line: 17270 {"day":30,"statusTag":"SKD"}
[2026-08-10T23:18:25.619Z] [LOGIC:PARSER] Extracted TAFB: 5.31 for sequence 17270 
[2026-08-10T23:18:25.619Z] [LOGIC:PARSER] Extracted TAFB: 3.54 for sequence 17270 
[2026-08-10T23:18:25.619Z] [LOGIC:PARSER] Saving new sequence 17270 {"days":[30,31],"statusTag":"SKD","credit":"0.00"}
[2026-08-10T23:18:25.709Z] [LOGIC:PARSER] Starting parseHI1Schedule {"textLength":1028}
[2026-08-10T23:18:25.710Z] [LOGIC:PARSER] Extracted vacations from HI1 {"vacationCount":0}
[2026-08-10T23:18:25.710Z] [LOGIC:PARSER] Extracted TAFB: 5.01 for sequence SEQ-25 
[2026-08-10T23:18:25.711Z] [LOGIC:PARSER] Saving new sequence SEQ-25 {"days":[25,26],"statusTag":"SKD","credit":"14.52"}
[2026-08-10T23:18:25.711Z] [LOGIC:PARSER] Identified sequence number on line: 17894 {"day":27,"statusTag":"SKD"}
[2026-08-10T23:18:25.711Z] [LOGIC:PARSER] Extracted TAFB: 2.05 for sequence 17894 
[2026-08-10T23:18:25.711Z] [LOGIC:PARSER] Identified sequence number on line: 17894 {"day":27,"statusTag":"SKD"}
[2026-08-10T23:18:25.712Z] [LOGIC:PARSER] Extracted TAFB: 1.44 for sequence 17894 
[2026-08-10T23:18:25.712Z] [LOGIC:PARSER] Saving new sequence 17894 {"days":[27,28],"statusTag":"SKD","credit":"6.20"}
[2026-08-10T23:18:25.712Z] [LOGIC:PARSER] Identified sequence number on line: 17270 {"day":30,"statusTag":"SKD"}
[2026-08-10T23:18:25.713Z] [LOGIC:PARSER] Extracted TAFB: 5.31 for sequence 17270 
[2026-08-10T23:18:25.713Z] [LOGIC:PARSER] Extracted TAFB: 3.54 for sequence 17270 
[2026-08-10T23:18:25.713Z] [LOGIC:PARSER] Saving new sequence 17270 {"days":[30,31],"statusTag":"SKD","credit":"0.00"}
[2026-08-10T23:18:25.714Z] [LOGIC:PARSER] Starting parseHI1Schedule {"textLength":1028}
[2026-08-10T23:18:25.714Z] [LOGIC:PARSER] Extracted vacations from HI1 {"vacationCount":0}
[2026-08-10T23:18:25.714Z] [LOGIC:PARSER] Extracted TAFB: 5.01 for sequence SEQ-25 
[2026-08-10T23:18:25.715Z] [LOGIC:PARSER] Saving new sequence SEQ-25 {"days":[25,26],"statusTag":"SKD","credit":"14.52"}
[2026-08-10T23:18:25.715Z] [LOGIC:PARSER] Identified sequence number on line: 17894 {"day":27,"statusTag":"SKD"}
[2026-08-10T23:18:25.715Z] [LOGIC:PARSER] Extracted TAFB: 2.05 for sequence 17894 
[2026-08-10T23:18:25.715Z] [LOGIC:PARSER] Identified sequence number on line: 17894 {"day":27,"statusTag":"SKD"}
[2026-08-10T23:18:25.715Z] [LOGIC:PARSER] Extracted TAFB: 1.44 for sequence 17894 
[2026-08-10T23:18:25.716Z] [LOGIC:PARSER] Saving new sequence 17894 {"days":[27,28],"statusTag":"SKD","credit":"6.20"}
[2026-08-10T23:18:25.716Z] [LOGIC:PARSER] Identified sequence number on line: 17270 {"day":30,"statusTag":"SKD"}
[2026-08-10T23:18:25.716Z] [LOGIC:PARSER] Extracted TAFB: 5.31 for sequence 17270 
[2026-08-10T23:18:25.717Z] [LOGIC:PARSER] Extracted TAFB: 3.54 for sequence 17270 
[2026-08-10T23:18:25.717Z] [LOGIC:PARSER] Saving new sequence 17270 {"days":[30,31],"statusTag":"SKD","credit":"0.00"}
[2026-08-10T23:23:48.712Z] [LOGIC:PARSER] Starting parseHI1Schedule {"textLength":949}
[2026-08-10T23:23:48.712Z] [LOGIC:PARSER] Extracted vacations from HI1 {"vacationCount":0}
[2026-08-10T23:23:48.713Z] [LOGIC:PARSER] Identified sequence number on line: 17352 {"day":6,"statusTag":"SKD"}
[2026-08-10T23:23:48.713Z] [LOGIC:PARSER] Saving new sequence 17352 {"days":[6,7],"statusTag":"TT","credit":"4.39"}
[2026-08-10T23:23:48.713Z] [LOGIC:PARSER] Starting parseHI1Schedule {"textLength":949}
[2026-08-10T23:23:48.713Z] [LOGIC:PARSER] Extracted vacations from HI1 {"vacationCount":0}
[2026-08-10T23:23:48.714Z] [LOGIC:PARSER] Identified sequence number on line: 17352 {"day":6,"statusTag":"SKD"}
[2026-08-10T23:23:48.714Z] [LOGIC:PARSER] Saving new sequence 17352 {"days":[6,7],"statusTag":"TT","credit":"4.39"}
[2026-08-10T23:23:50.221Z] [LOGIC:PARSER] Starting parseHI1Schedule {"textLength":952}
[2026-08-10T23:23:50.221Z] [LOGIC:PARSER] Extracted vacations from HI1 {"vacationCount":0}
[2026-08-10T23:23:50.221Z] [LOGIC:PARSER] Identified sequence number on line: 17352 {"day":6,"statusTag":"SKD"}
[2026-08-10T23:23:50.222Z] [LOGIC:PARSER] Saving new sequence 17352 {"days":[6,7],"statusTag":"TT","credit":"4.39"}
[2026-08-10T23:23:50.222Z] [LOGIC:PARSER] Starting parseHI1Schedule {"textLength":952}
[2026-08-10T23:23:50.222Z] [LOGIC:PARSER] Extracted vacations from HI1 {"vacationCount":0}
[2026-08-10T23:23:50.222Z] [LOGIC:PARSER] Identified sequence number on line: 17352 {"day":6,"statusTag":"SKD"}
[2026-08-10T23:23:50.223Z] [LOGIC:PARSER] Saving new sequence 17352 {"days":[6,7],"statusTag":"TT","credit":"4.39"}
[2026-08-10T23:23:50.514Z] [LOGIC:PARSER] Starting parseHI1Schedule {"textLength":1076}
[2026-08-10T23:23:50.514Z] [LOGIC:PARSER] Extracted vacations from HI1 {"vacationCount":0}
[2026-08-10T23:23:50.514Z] [LOGIC:PARSER] Identified sequence number on line: 21649 {"day":6,"statusTag":"SKD"}
[2026-08-10T23:23:50.515Z] [LOGIC:PARSER] Sequence transition detected from SEQ-8 to 21649 
[2026-08-10T23:23:50.515Z] [LOGIC:PARSER] Saving new sequence SEQ-8 {"days":[8],"statusTag":"SKD","credit":"0.00"}
[2026-08-10T23:23:50.515Z] [LOGIC:PARSER] Saving new sequence 21649 {"days":[6,7,8],"statusTag":"TT","credit":"17.34"}
[2026-08-10T23:23:50.515Z] [LOGIC:PARSER] Identified sequence number on line: 17475 {"day":11,"statusTag":"SKD"}
[2026-08-10T23:23:50.516Z] [LOGIC:PARSER] Identified sequence number on line: 18080 {"day":11,"statusTag":"SKD"}
[2026-08-10T23:23:50.516Z] [LOGIC:PARSER] Sequence transition detected from 17475 to 18080 
[2026-08-10T23:23:50.516Z] [LOGIC:PARSER] Saving new sequence 17475 {"days":[11,12,13,14],"statusTag":"SKD","credit":"0.00"}
[2026-08-10T23:23:50.516Z] [LOGIC:PARSER] Identified sequence number on line: 18080 {"day":11,"statusTag":"SKD"}
[2026-08-10T23:23:50.517Z] [LOGIC:PARSER] Saving new sequence 18080 {"days":[11,12,13,14],"statusTag":"SKD","credit":"0.00"}
[2026-08-10T23:23:50.517Z] [LOGIC:PARSER] Starting parseHI1Schedule {"textLength":1076}
[2026-08-10T23:23:50.517Z] [LOGIC:PARSER] Extracted vacations from HI1 {"vacationCount":0}
[2026-08-10T23:23:50.517Z] [LOGIC:PARSER] Identified sequence number on line: 21649 {"day":6,"statusTag":"SKD"}
[2026-08-10T23:23:50.518Z] [LOGIC:PARSER] Sequence transition detected from SEQ-8 to 21649 
[2026-08-10T23:23:50.518Z] [LOGIC:PARSER] Saving new sequence SEQ-8 {"days":[8],"statusTag":"SKD","credit":"0.00"}
[2026-08-10T23:23:50.518Z] [LOGIC:PARSER] Saving new sequence 21649 {"days":[6,7,8],"statusTag":"TT","credit":"17.34"}
[2026-08-10T23:23:50.518Z] [LOGIC:PARSER] Identified sequence number on line: 17475 {"day":11,"statusTag":"SKD"}
[2026-08-10T23:23:50.518Z] [LOGIC:PARSER] Identified sequence number on line: 18080 {"day":11,"statusTag":"SKD"}
[2026-08-10T23:23:50.519Z] [LOGIC:PARSER] Sequence transition detected from 17475 to 18080 
[2026-08-10T23:23:50.519Z] [LOGIC:PARSER] Saving new sequence 17475 {"days":[11,12,13,14],"statusTag":"SKD","credit":"0.00"}
[2026-08-10T23:23:50.519Z] [LOGIC:PARSER] Identified sequence number on line: 18080 {"day":11,"statusTag":"SKD"}
[2026-08-10T23:23:50.519Z] [LOGIC:PARSER] Saving new sequence 18080 {"days":[11,12,13,14],"statusTag":"SKD","credit":"0.00"}
[2026-08-10T23:23:50.812Z] [LOGIC:PARSER] Starting parseHI1Schedule {"textLength":1079}
[2026-08-10T23:23:50.812Z] [LOGIC:PARSER] Extracted vacations from HI1 {"vacationCount":0}
[2026-08-10T23:23:50.813Z] [LOGIC:PARSER] Identified sequence number on line: 21649 {"day":6,"statusTag":"SKD"}
[2026-08-10T23:23:50.813Z] [LOGIC:PARSER] Sequence transition detected from SEQ-8 to 21649 
[2026-08-10T23:23:50.814Z] [LOGIC:PARSER] Saving new sequence SEQ-8 {"days":[8],"statusTag":"SKD","credit":"0.00"}
[2026-08-10T23:23:50.814Z] [LOGIC:PARSER] Saving new sequence 21649 {"days":[6,7,8],"statusTag":"TT","credit":"17.34"}
[2026-08-10T23:23:50.814Z] [LOGIC:PARSER] Identified sequence number on line: 17475 {"day":11,"statusTag":"SKD"}
[2026-08-10T23:23:50.814Z] [LOGIC:PARSER] Identified sequence number on line: 18080 {"day":11,"statusTag":"SKD"}
[2026-08-10T23:23:50.814Z] [LOGIC:PARSER] Sequence transition detected from 17475 to 18080 
[2026-08-10T23:23:50.815Z] [LOGIC:PARSER] Saving new sequence 17475 {"days":[11,12,13,14],"statusTag":"SKD","credit":"0.00"}
[2026-08-10T23:23:50.815Z] [LOGIC:PARSER] Identified sequence number on line: 18080 {"day":11,"statusTag":"SKD"}
[2026-08-10T23:23:50.815Z] [LOGIC:PARSER] Saving new sequence 18080 {"days":[11,12,13,14],"statusTag":"SKD","credit":"0.00"}
[2026-08-10T23:23:50.815Z] [LOGIC:PARSER] Starting parseHI1Schedule {"textLength":1079}
[2026-08-10T23:23:50.816Z] [LOGIC:PARSER] Extracted vacations from HI1 {"vacationCount":0}
[2026-08-10T23:23:50.816Z] [LOGIC:PARSER] Identified sequence number on line: 21649 {"day":6,"statusTag":"SKD"}
[2026-08-10T23:23:50.816Z] [LOGIC:PARSER] Sequence transition detected from SEQ-8 to 21649 
[2026-08-10T23:23:50.816Z] [LOGIC:PARSER] Saving new sequence SEQ-8 {"days":[8],"statusTag":"SKD","credit":"0.00"}
[2026-08-10T23:23:50.816Z] [LOGIC:PARSER] Saving new sequence 21649 {"days":[6,7,8],"statusTag":"TT","credit":"17.34"}
[2026-08-10T23:23:50.817Z] [LOGIC:PARSER] Identified sequence number on line: 17475 {"day":11,"statusTag":"SKD"}
[2026-08-10T23:23:50.817Z] [LOGIC:PARSER] Identified sequence number on line: 18080 {"day":11,"statusTag":"SKD"}
[2026-08-10T23:23:50.817Z] [LOGIC:PARSER] Sequence transition detected from 17475 to 18080 
[2026-08-10T23:23:50.817Z] [LOGIC:PARSER] Saving new sequence 17475 {"days":[11,12,13,14],"statusTag":"SKD","credit":"0.00"}
[2026-08-10T23:23:50.818Z] [LOGIC:PARSER] Identified sequence number on line: 18080 {"day":11,"statusTag":"SKD"}
[2026-08-10T23:23:50.818Z] [LOGIC:PARSER] Saving new sequence 18080 {"days":[11,12,13,14],"statusTag":"SKD","credit":"0.00"}
[2026-08-10T23:23:51.124Z] [LOGIC:PARSER] Starting parseHI1Schedule {"textLength":1135}
[2026-08-10T23:23:51.124Z] [LOGIC:PARSER] Extracted vacations from HI1 {"vacationCount":0}
[2026-08-10T23:23:51.125Z] [LOGIC:PARSER] Saving new sequence SEQ-12 {"days":[12,13,14],"statusTag":"SKD","credit":"15.37"}
[2026-08-10T23:23:51.125Z] [LOGIC:PARSER] Identified sequence number on line: 21514 {"day":15,"statusTag":"SKD"}
[2026-08-10T23:23:51.125Z] [LOGIC:PARSER] Saving new sequence 21514 {"days":[15],"statusTag":"OT","credit":"0.00"}
[2026-08-10T23:23:51.126Z] [LOGIC:PARSER] Identified sequence number on line: 21614 {"day":17,"statusTag":"SKD"}
[2026-08-10T23:23:51.126Z] [LOGIC:PARSER] Saving new sequence 21614 {"days":[17],"statusTag":"SKD","credit":"7.40"}
[2026-08-10T23:23:51.126Z] [LOGIC:PARSER] Identified sequence number on line: 21614 {"day":17,"statusTag":"SKD"}
[2026-08-10T23:23:51.126Z] [LOGIC:PARSER] Identified sequence number on line: 21596 {"day":18,"statusTag":"OT"}
[2026-08-10T23:23:51.127Z] [LOGIC:PARSER] Sequence transition detected from 21614 to 21596 
[2026-08-10T23:23:51.127Z] [LOGIC:PARSER] Merging additional days into sequence 21614 {"addedDays":[17],"credit":"0.00"}
[2026-08-10T23:23:51.127Z] [LOGIC:PARSER] Identified sequence number on line: 17495 {"day":18,"statusTag":"SKD"}
[2026-08-10T23:23:51.127Z] [LOGIC:PARSER] Sequence transition detected from 21596 to 17495 
[2026-08-10T23:23:51.127Z] [LOGIC:PARSER] Saving new sequence 21596 {"days":[18],"statusTag":"SKD","credit":"1.09"}
[2026-08-10T23:23:51.128Z] [LOGIC:PARSER] Saving new sequence 17495 {"days":[18,19,20,21],"statusTag":"SKD","credit":"0.00"}
[2026-08-10T23:23:51.128Z] [LOGIC:PARSER] Starting parseHI1Schedule {"textLength":1135}
[2026-08-10T23:23:51.128Z] [LOGIC:PARSER] Extracted vacations from HI1 {"vacationCount":0}
[2026-08-10T23:23:51.128Z] [LOGIC:PARSER] Saving new sequence SEQ-12 {"days":[12,13,14],"statusTag":"SKD","credit":"15.37"}
[2026-08-10T23:23:51.128Z] [LOGIC:PARSER] Identified sequence number on line: 21514 {"day":15,"statusTag":"SKD"}
[2026-08-10T23:23:51.129Z] [LOGIC:PARSER] Saving new sequence 21514 {"days":[15],"statusTag":"OT","credit":"0.00"}
[2026-08-10T23:23:51.129Z] [LOGIC:PARSER] Identified sequence number on line: 21614 {"day":17,"statusTag":"SKD"}
[2026-08-10T23:23:51.129Z] [LOGIC:PARSER] Saving new sequence 21614 {"days":[17],"statusTag":"SKD","credit":"7.40"}
[2026-08-10T23:23:51.129Z] [LOGIC:PARSER] Identified sequence number on line: 21614 {"day":17,"statusTag":"SKD"}
[2026-08-10T23:23:51.130Z] [LOGIC:PARSER] Identified sequence number on line: 21596 {"day":18,"statusTag":"OT"}
[2026-08-10T23:23:51.130Z] [LOGIC:PARSER] Sequence transition detected from 21614 to 21596 
[2026-08-10T23:23:51.130Z] [LOGIC:PARSER] Merging additional days into sequence 21614 {"addedDays":[17],"credit":"0.00"}
[2026-08-10T23:23:51.130Z] [LOGIC:PARSER] Identified sequence number on line: 17495 {"day":18,"statusTag":"SKD"}
[2026-08-10T23:23:51.130Z] [LOGIC:PARSER] Sequence transition detected from 21596 to 17495 
[2026-08-10T23:23:51.131Z] [LOGIC:PARSER] Saving new sequence 21596 {"days":[18],"statusTag":"SKD","credit":"1.09"}
[2026-08-10T23:23:51.131Z] [LOGIC:PARSER] Saving new sequence 17495 {"days":[18,19,20,21],"statusTag":"SKD","credit":"0.00"}
[2026-08-10T23:23:51.421Z] [LOGIC:PARSER] Starting parseHI1Schedule {"textLength":1138}
[2026-08-10T23:23:51.421Z] [LOGIC:PARSER] Extracted vacations from HI1 {"vacationCount":0}
[2026-08-10T23:23:51.422Z] [LOGIC:PARSER] Saving new sequence SEQ-12 {"days":[12,13,14],"statusTag":"SKD","credit":"15.37"}
[2026-08-10T23:23:51.422Z] [LOGIC:PARSER] Identified sequence number on line: 21514 {"day":15,"statusTag":"SKD"}
[2026-08-10T23:23:51.422Z] [LOGIC:PARSER] Saving new sequence 21514 {"days":[15],"statusTag":"OT","credit":"0.00"}
[2026-08-10T23:23:51.422Z] [LOGIC:PARSER] Identified sequence number on line: 21614 {"day":17,"statusTag":"SKD"}
[2026-08-10T23:23:51.423Z] [LOGIC:PARSER] Saving new sequence 21614 {"days":[17],"statusTag":"SKD","credit":"7.40"}
[2026-08-10T23:23:51.423Z] [LOGIC:PARSER] Identified sequence number on line: 21614 {"day":17,"statusTag":"SKD"}
[2026-08-10T23:23:51.423Z] [LOGIC:PARSER] Identified sequence number on line: 21596 {"day":18,"statusTag":"OT"}
[2026-08-10T23:23:51.423Z] [LOGIC:PARSER] Sequence transition detected from 21614 to 21596 
[2026-08-10T23:23:51.423Z] [LOGIC:PARSER] Merging additional days into sequence 21614 {"addedDays":[17],"credit":"0.00"}
[2026-08-10T23:23:51.424Z] [LOGIC:PARSER] Identified sequence number on line: 17495 {"day":18,"statusTag":"SKD"}
[2026-08-10T23:23:51.424Z] [LOGIC:PARSER] Sequence transition detected from 21596 to 17495 
[2026-08-10T23:23:51.424Z] [LOGIC:PARSER] Saving new sequence 21596 {"days":[18],"statusTag":"SKD","credit":"1.09"}
[2026-08-10T23:23:51.424Z] [LOGIC:PARSER] Saving new sequence 17495 {"days":[18,19,20,21],"statusTag":"SKD","credit":"0.00"}
[2026-08-10T23:23:51.424Z] [LOGIC:PARSER] Starting parseHI1Schedule {"textLength":1138}
[2026-08-10T23:23:51.425Z] [LOGIC:PARSER] Extracted vacations from HI1 {"vacationCount":0}
[2026-08-10T23:23:51.425Z] [LOGIC:PARSER] Saving new sequence SEQ-12 {"days":[12,13,14],"statusTag":"SKD","credit":"15.37"}
[2026-08-10T23:23:51.425Z] [LOGIC:PARSER] Identified sequence number on line: 21514 {"day":15,"statusTag":"SKD"}
[2026-08-10T23:23:51.426Z] [LOGIC:PARSER] Saving new sequence 21514 {"days":[15],"statusTag":"OT","credit":"0.00"}
[2026-08-10T23:23:51.426Z] [LOGIC:PARSER] Identified sequence number on line: 21614 {"day":17,"statusTag":"SKD"}
[2026-08-10T23:23:51.426Z] [LOGIC:PARSER] Saving new sequence 21614 {"days":[17],"statusTag":"SKD","credit":"7.40"}
[2026-08-10T23:23:51.426Z] [LOGIC:PARSER] Identified sequence number on line: 21614 {"day":17,"statusTag":"SKD"}
[2026-08-10T23:23:51.427Z] [LOGIC:PARSER] Identified sequence number on line: 21596 {"day":18,"statusTag":"OT"}
[2026-08-10T23:23:51.427Z] [LOGIC:PARSER] Sequence transition detected from 21614 to 21596 
[2026-08-10T23:23:51.427Z] [LOGIC:PARSER] Merging additional days into sequence 21614 {"addedDays":[17],"credit":"0.00"}
[2026-08-10T23:23:51.427Z] [LOGIC:PARSER] Identified sequence number on line: 17495 {"day":18,"statusTag":"SKD"}
[2026-08-10T23:23:51.427Z] [LOGIC:PARSER] Sequence transition detected from 21596 to 17495 
[2026-08-10T23:23:51.428Z] [LOGIC:PARSER] Saving new sequence 21596 {"days":[18],"statusTag":"SKD","credit":"1.09"}
[2026-08-10T23:23:51.428Z] [LOGIC:PARSER] Saving new sequence 17495 {"days":[18,19,20,21],"statusTag":"SKD","credit":"0.00"}
[2026-08-10T23:23:51.716Z] [LOGIC:PARSER] Starting parseHI1Schedule {"textLength":1089}
[2026-08-10T23:23:51.716Z] [LOGIC:PARSER] Extracted vacations from HI1 {"vacationCount":0}
[2026-08-10T23:23:51.716Z] [LOGIC:PARSER] Identified sequence number on line: 17495 {"day":18,"statusTag":"SKD"}
[2026-08-10T23:23:51.717Z] [LOGIC:PARSER] Saving new sequence 17495 {"days":[18,19,20,21],"statusTag":"SKD","credit":"19.54"}
[2026-08-10T23:23:51.717Z] [LOGIC:PARSER] Identified sequence number on line: 21566 {"day":23,"statusTag":"SKD"}
[2026-08-10T23:23:51.717Z] [LOGIC:PARSER] Saving new sequence 21566 {"days":[23],"statusTag":"OT","credit":"0.00"}
[2026-08-10T23:23:51.718Z] [LOGIC:PARSER] Identified sequence number on line: 17333 {"day":24,"statusTag":"SKD"}
[2026-08-10T23:23:51.718Z] [LOGIC:PARSER] Identified sequence number on line: 17333 {"day":24,"statusTag":"SKD"}
[2026-08-10T23:23:51.718Z] [LOGIC:PARSER] Saving new sequence 17333 {"days":[24,25,26],"statusTag":"SKD","credit":"3.44"}
[2026-08-10T23:23:51.719Z] [LOGIC:PARSER] Starting parseHI1Schedule {"textLength":1089}
[2026-08-10T23:23:51.719Z] [LOGIC:PARSER] Extracted vacations from HI1 {"vacationCount":0}
[2026-08-10T23:23:51.719Z] [LOGIC:PARSER] Identified sequence number on line: 17495 {"day":18,"statusTag":"SKD"}
[2026-08-10T23:23:51.719Z] [LOGIC:PARSER] Saving new sequence 17495 {"days":[18,19,20,21],"statusTag":"SKD","credit":"19.54"}
[2026-08-10T23:23:51.720Z] [LOGIC:PARSER] Identified sequence number on line: 21566 {"day":23,"statusTag":"SKD"}
[2026-08-10T23:23:51.720Z] [LOGIC:PARSER] Saving new sequence 21566 {"days":[23],"statusTag":"OT","credit":"0.00"}
[2026-08-10T23:23:51.720Z] [LOGIC:PARSER] Identified sequence number on line: 17333 {"day":24,"statusTag":"SKD"}
[2026-08-10T23:23:51.720Z] [LOGIC:PARSER] Identified sequence number on line: 17333 {"day":24,"statusTag":"SKD"}
[2026-08-10T23:23:51.720Z] [LOGIC:PARSER] Saving new sequence 17333 {"days":[24,25,26],"statusTag":"SKD","credit":"3.44"}
[2026-08-10T23:23:52.015Z] [LOGIC:PARSER] Starting parseHI1Schedule {"textLength":1092}
[2026-08-10T23:23:52.015Z] [LOGIC:PARSER] Extracted vacations from HI1 {"vacationCount":0}
[2026-08-10T23:23:52.015Z] [LOGIC:PARSER] Identified sequence number on line: 17495 {"day":18,"statusTag":"SKD"}
[2026-08-10T23:23:52.015Z] [LOGIC:PARSER] Saving new sequence 17495 {"days":[18,19,20,21],"statusTag":"SKD","credit":"19.54"}
[2026-08-10T23:23:52.016Z] [LOGIC:PARSER] Identified sequence number on line: 21566 {"day":23,"statusTag":"SKD"}
[2026-08-10T23:23:52.016Z] [LOGIC:PARSER] Saving new sequence 21566 {"days":[23],"statusTag":"OT","credit":"0.00"}
[2026-08-10T23:23:52.017Z] [LOGIC:PARSER] Identified sequence number on line: 17333 {"day":24,"statusTag":"SKD"}
[2026-08-10T23:23:52.017Z] [LOGIC:PARSER] Identified sequence number on line: 17333 {"day":24,"statusTag":"SKD"}
[2026-08-10T23:23:52.017Z] [LOGIC:PARSER] Saving new sequence 17333 {"days":[24,25,26],"statusTag":"SKD","credit":"3.44"}
[2026-08-10T23:23:52.017Z] [LOGIC:PARSER] Starting parseHI1Schedule {"textLength":1092}
[2026-08-10T23:23:52.018Z] [LOGIC:PARSER] Extracted vacations from HI1 {"vacationCount":0}
[2026-08-10T23:23:52.018Z] [LOGIC:PARSER] Identified sequence number on line: 17495 {"day":18,"statusTag":"SKD"}
[2026-08-10T23:23:52.018Z] [LOGIC:PARSER] Saving new sequence 17495 {"days":[18,19,20,21],"statusTag":"SKD","credit":"19.54"}
[2026-08-10T23:23:52.019Z] [LOGIC:PARSER] Identified sequence number on line: 21566 {"day":23,"statusTag":"SKD"}
[2026-08-10T23:23:52.019Z] [LOGIC:PARSER] Saving new sequence 21566 {"days":[23],"statusTag":"OT","credit":"0.00"}
[2026-08-10T23:23:52.019Z] [LOGIC:PARSER] Identified sequence number on line: 17333 {"day":24,"statusTag":"SKD"}
[2026-08-10T23:23:52.019Z] [LOGIC:PARSER] Identified sequence number on line: 17333 {"day":24,"statusTag":"SKD"}
[2026-08-10T23:23:52.020Z] [LOGIC:PARSER] Saving new sequence 17333 {"days":[24,25,26],"statusTag":"SKD","credit":"3.44"}
[2026-08-10T23:23:52.313Z] [LOGIC:PARSER] Starting parseHI1Schedule {"textLength":1028}
[2026-08-10T23:23:52.313Z] [LOGIC:PARSER] Extracted vacations from HI1 {"vacationCount":0}
[2026-08-10T23:23:52.314Z] [LOGIC:PARSER] Saving new sequence SEQ-25 {"days":[25,26],"statusTag":"SKD","credit":"14.52"}
[2026-08-10T23:23:52.314Z] [LOGIC:PARSER] Identified sequence number on line: 17894 {"day":27,"statusTag":"SKD"}
[2026-08-10T23:23:52.314Z] [LOGIC:PARSER] Identified sequence number on line: 17894 {"day":27,"statusTag":"SKD"}
[2026-08-10T23:23:52.314Z] [LOGIC:PARSER] Saving new sequence 17894 {"days":[27,28],"statusTag":"SKD","credit":"6.20"}
[2026-08-10T23:23:52.315Z] [LOGIC:PARSER] Identified sequence number on line: 17270 {"day":30,"statusTag":"SKD"}
[2026-08-10T23:23:52.315Z] [LOGIC:PARSER] Saving new sequence 17270 {"days":[30,31],"statusTag":"SKD","credit":"0.00"}
[2026-08-10T23:23:52.315Z] [LOGIC:PARSER] Starting parseHI1Schedule {"textLength":1028}
[2026-08-10T23:23:52.315Z] [LOGIC:PARSER] Extracted vacations from HI1 {"vacationCount":0}
[2026-08-10T23:23:52.315Z] [LOGIC:PARSER] Saving new sequence SEQ-25 {"days":[25,26],"statusTag":"SKD","credit":"14.52"}
[2026-08-10T23:23:52.316Z] [LOGIC:PARSER] Identified sequence number on line: 17894 {"day":27,"statusTag":"SKD"}
[2026-08-10T23:23:52.316Z] [LOGIC:PARSER] Identified sequence number on line: 17894 {"day":27,"statusTag":"SKD"}
[2026-08-10T23:23:52.316Z] [LOGIC:PARSER] Saving new sequence 17894 {"days":[27,28],"statusTag":"SKD","credit":"6.20"}
[2026-08-10T23:23:52.316Z] [LOGIC:PARSER] Identified sequence number on line: 17270 {"day":30,"statusTag":"SKD"}
[2026-08-10T23:23:52.317Z] [LOGIC:PARSER] Saving new sequence 17270 {"days":[30,31],"statusTag":"SKD","credit":"0.00"}
[2026-08-10T23:23:52.332Z] [LOGIC:PARSER] Starting parseHI1Schedule {"textLength":5281}
[2026-08-10T23:23:52.332Z] [LOGIC:PARSER] Extracted vacations from HI1 {"vacationCount":0}
[2026-08-10T23:23:52.333Z] [LOGIC:PARSER] Identified sequence number on line: 17352 {"day":6,"statusTag":"SKD"}
[2026-08-10T23:23:52.333Z] [LOGIC:PARSER] Identified sequence number on line: 21649 {"day":6,"statusTag":"TT"}
[2026-08-10T23:23:52.333Z] [LOGIC:PARSER] Sequence transition detected from 17352 to 21649 
[2026-08-10T23:23:52.333Z] [LOGIC:PARSER] Saving new sequence 17352 {"days":[6,7,8],"statusTag":"TT","credit":"0.00"}
[2026-08-10T23:23:52.334Z] [LOGIC:PARSER] Saving new sequence 21649 {"days":[6,7,8],"statusTag":"TT","credit":"17.34"}
[2026-08-10T23:23:52.334Z] [LOGIC:PARSER] Identified sequence number on line: 17475 {"day":11,"statusTag":"SKD"}
[2026-08-10T23:23:52.334Z] [LOGIC:PARSER] Identified sequence number on line: 18080 {"day":11,"statusTag":"SKD"}
[2026-08-10T23:23:52.334Z] [LOGIC:PARSER] Sequence transition detected from 17475 to 18080 
[2026-08-10T23:23:52.335Z] [LOGIC:PARSER] Saving new sequence 17475 {"days":[11,12,13,14],"statusTag":"SKD","credit":"0.00"}
[2026-08-10T23:23:52.335Z] [LOGIC:PARSER] Identified sequence number on line: 18080 {"day":11,"statusTag":"SKD"}
[2026-08-10T23:23:52.335Z] [LOGIC:PARSER] Saving new sequence 18080 {"days":[11,12,13,14],"statusTag":"SKD","credit":"15.37"}
[2026-08-10T23:23:52.335Z] [LOGIC:PARSER] Identified sequence number on line: 21514 {"day":15,"statusTag":"SKD"}
[2026-08-10T23:23:52.336Z] [LOGIC:PARSER] Saving new sequence 21514 {"days":[15],"statusTag":"OT","credit":"0.00"}
[2026-08-10T23:23:52.336Z] [LOGIC:PARSER] Identified sequence number on line: 21614 {"day":17,"statusTag":"SKD"}
[2026-08-10T23:23:52.336Z] [LOGIC:PARSER] Saving new sequence 21614 {"days":[17],"statusTag":"SKD","credit":"7.40"}
[2026-08-10T23:23:52.337Z] [LOGIC:PARSER] Identified sequence number on line: 21614 {"day":17,"statusTag":"SKD"}
[2026-08-10T23:23:52.337Z] [LOGIC:PARSER] Identified sequence number on line: 21596 {"day":18,"statusTag":"OT"}
[2026-08-10T23:23:52.337Z] [LOGIC:PARSER] Sequence transition detected from 21614 to 21596 
[2026-08-10T23:23:52.338Z] [LOGIC:PARSER] Merging additional days into sequence 21614 {"addedDays":[17],"credit":"0.00"}
[2026-08-10T23:23:52.338Z] [LOGIC:PARSER] Identified sequence number on line: 17495 {"day":18,"statusTag":"SKD"}
[2026-08-10T23:23:52.338Z] [LOGIC:PARSER] Sequence transition detected from 21596 to 17495 
[2026-08-10T23:23:52.338Z] [LOGIC:PARSER] Saving new sequence 21596 {"days":[18],"statusTag":"SKD","credit":"1.09"}
[2026-08-10T23:23:52.339Z] [LOGIC:PARSER] Identified sequence number on line: 17495 {"day":18,"statusTag":"SKD"}
[2026-08-10T23:23:52.339Z] [LOGIC:PARSER] Saving new sequence 17495 {"days":[18,19,20,21],"statusTag":"SKD","credit":"19.54"}
[2026-08-10T23:23:52.339Z] [LOGIC:PARSER] Identified sequence number on line: 21566 {"day":23,"statusTag":"SKD"}
[2026-08-10T23:23:52.339Z] [LOGIC:PARSER] Saving new sequence 21566 {"days":[23],"statusTag":"OT","credit":"0.00"}
[2026-08-10T23:23:52.339Z] [LOGIC:PARSER] Identified sequence number on line: 17333 {"day":24,"statusTag":"SKD"}
[2026-08-10T23:23:52.340Z] [LOGIC:PARSER] Identified sequence number on line: 17333 {"day":24,"statusTag":"SKD"}
[2026-08-10T23:23:52.340Z] [LOGIC:PARSER] Saving new sequence 17333 {"days":[24,25,26],"statusTag":"SKD","credit":"14.52"}
[2026-08-10T23:23:52.340Z] [LOGIC:PARSER] Identified sequence number on line: 17894 {"day":27,"statusTag":"SKD"}
[2026-08-10T23:23:52.341Z] [LOGIC:PARSER] Identified sequence number on line: 17894 {"day":27,"statusTag":"SKD"}
[2026-08-10T23:23:52.341Z] [LOGIC:PARSER] Saving new sequence 17894 {"days":[27,28],"statusTag":"SKD","credit":"6.20"}
[2026-08-10T23:23:52.341Z] [LOGIC:PARSER] Identified sequence number on line: 17270 {"day":30,"statusTag":"SKD"}
[2026-08-10T23:23:52.342Z] [LOGIC:PARSER] Saving new sequence 17270 {"days":[30,31],"statusTag":"SKD","credit":"0.00"}
[2026-08-10T23:26:21.125Z] [LOGIC:PARSER] Starting parseHI1Schedule {"textLength":949}
[2026-08-10T23:26:21.125Z] [LOGIC:PARSER] Extracted vacations from HI1 {"vacationCount":0}
[2026-08-10T23:26:21.126Z] [LOGIC:PARSER] Identified sequence number on line: 17352 {"day":6,"statusTag":"SKD"}
[2026-08-10T23:26:21.126Z] [LOGIC:PARSER] Saving new sequence 17352 {"days":[6,7],"statusTag":"TT","credit":"4.39"}
[2026-08-10T23:26:21.126Z] [LOGIC:PARSER] Starting parseHI1Schedule {"textLength":949}
[2026-08-10T23:26:21.126Z] [LOGIC:PARSER] Extracted vacations from HI1 {"vacationCount":0}
[2026-08-10T23:26:21.127Z] [LOGIC:PARSER] Identified sequence number on line: 17352 {"day":6,"statusTag":"SKD"}
[2026-08-10T23:26:21.127Z] [LOGIC:PARSER] Saving new sequence 17352 {"days":[6,7],"statusTag":"TT","credit":"4.39"}
[2026-08-10T23:26:22.625Z] [LOGIC:PARSER] Starting parseHI1Schedule {"textLength":952}
[2026-08-10T23:26:22.626Z] [LOGIC:PARSER] Extracted vacations from HI1 {"vacationCount":0}
[2026-08-10T23:26:22.626Z] [LOGIC:PARSER] Identified sequence number on line: 17352 {"day":6,"statusTag":"SKD"}
[2026-08-10T23:26:22.626Z] [LOGIC:PARSER] Saving new sequence 17352 {"days":[6,7],"statusTag":"TT","credit":"4.39"}
[2026-08-10T23:26:22.626Z] [LOGIC:PARSER] Starting parseHI1Schedule {"textLength":952}
[2026-08-10T23:26:22.627Z] [LOGIC:PARSER] Extracted vacations from HI1 {"vacationCount":0}
[2026-08-10T23:26:22.627Z] [LOGIC:PARSER] Identified sequence number on line: 17352 {"day":6,"statusTag":"SKD"}
[2026-08-10T23:26:22.627Z] [LOGIC:PARSER] Saving new sequence 17352 {"days":[6,7],"statusTag":"TT","credit":"4.39"}
[2026-08-10T23:26:22.942Z] [LOGIC:PARSER] Starting parseHI1Schedule {"textLength":1076}
[2026-08-10T23:26:22.943Z] [LOGIC:PARSER] Extracted vacations from HI1 {"vacationCount":0}
[2026-08-10T23:26:22.943Z] [LOGIC:PARSER] Identified sequence number on line: 21649 {"day":6,"statusTag":"SKD"}
[2026-08-10T23:26:22.943Z] [LOGIC:PARSER] Sequence transition detected from SEQ-8 to 21649 
[2026-08-10T23:26:22.943Z] [LOGIC:PARSER] Saving new sequence SEQ-8 {"days":[8],"statusTag":"SKD","credit":"14.01"}
[2026-08-10T23:26:22.944Z] [LOGIC:PARSER] Saving new sequence 21649 {"days":[6,7,8],"statusTag":"TT","credit":"17.34"}
[2026-08-10T23:26:22.944Z] [LOGIC:PARSER] Identified sequence number on line: 17475 {"day":11,"statusTag":"SKD"}
[2026-08-10T23:26:22.944Z] [LOGIC:PARSER] Identified sequence number on line: 18080 {"day":11,"statusTag":"SKD"}
[2026-08-10T23:26:22.944Z] [LOGIC:PARSER] Sequence transition detected from 17475 to 18080 
[2026-08-10T23:26:22.944Z] [LOGIC:PARSER] Saving new sequence 17475 {"days":[11,12,13,14],"statusTag":"SKD","credit":"18.22"}
[2026-08-10T23:26:22.945Z] [LOGIC:PARSER] Identified sequence number on line: 18080 {"day":11,"statusTag":"SKD"}
[2026-08-10T23:26:22.945Z] [LOGIC:PARSER] Saving new sequence 18080 {"days":[11,12,13,14],"statusTag":"SKD","credit":"19.56"}
[2026-08-10T23:26:22.945Z] [LOGIC:PARSER] Starting parseHI1Schedule {"textLength":1076}
[2026-08-10T23:26:22.945Z] [LOGIC:PARSER] Extracted vacations from HI1 {"vacationCount":0}
[2026-08-10T23:26:22.946Z] [LOGIC:PARSER] Identified sequence number on line: 21649 {"day":6,"statusTag":"SKD"}
[2026-08-10T23:26:22.946Z] [LOGIC:PARSER] Sequence transition detected from SEQ-8 to 21649 
[2026-08-10T23:26:22.946Z] [LOGIC:PARSER] Saving new sequence SEQ-8 {"days":[8],"statusTag":"SKD","credit":"14.01"}
[2026-08-10T23:26:22.946Z] [LOGIC:PARSER] Saving new sequence 21649 {"days":[6,7,8],"statusTag":"TT","credit":"17.34"}
[2026-08-10T23:26:22.947Z] [LOGIC:PARSER] Identified sequence number on line: 17475 {"day":11,"statusTag":"SKD"}
[2026-08-10T23:26:22.947Z] [LOGIC:PARSER] Identified sequence number on line: 18080 {"day":11,"statusTag":"SKD"}
[2026-08-10T23:26:22.947Z] [LOGIC:PARSER] Sequence transition detected from 17475 to 18080 
[2026-08-10T23:26:22.947Z] [LOGIC:PARSER] Saving new sequence 17475 {"days":[11,12,13,14],"statusTag":"SKD","credit":"18.22"}
[2026-08-10T23:26:22.947Z] [LOGIC:PARSER] Identified sequence number on line: 18080 {"day":11,"statusTag":"SKD"}
[2026-08-10T23:26:22.948Z] [LOGIC:PARSER] Saving new sequence 18080 {"days":[11,12,13,14],"statusTag":"SKD","credit":"19.56"}
[2026-08-10T23:26:23.226Z] [LOGIC:PARSER] Starting parseHI1Schedule {"textLength":1079}
[2026-08-10T23:26:23.226Z] [LOGIC:PARSER] Extracted vacations from HI1 {"vacationCount":0}
[2026-08-10T23:26:23.226Z] [LOGIC:PARSER] Identified sequence number on line: 21649 {"day":6,"statusTag":"SKD"}
[2026-08-10T23:26:23.227Z] [LOGIC:PARSER] Sequence transition detected from SEQ-8 to 21649 
[2026-08-10T23:26:23.227Z] [LOGIC:PARSER] Saving new sequence SEQ-8 {"days":[8],"statusTag":"SKD","credit":"14.01"}
[2026-08-10T23:26:23.227Z] [LOGIC:PARSER] Saving new sequence 21649 {"days":[6,7,8],"statusTag":"TT","credit":"17.34"}
[2026-08-10T23:26:23.227Z] [LOGIC:PARSER] Identified sequence number on line: 17475 {"day":11,"statusTag":"SKD"}
[2026-08-10T23:26:23.228Z] [LOGIC:PARSER] Identified sequence number on line: 18080 {"day":11,"statusTag":"SKD"}
[2026-08-10T23:26:23.228Z] [LOGIC:PARSER] Sequence transition detected from 17475 to 18080 
[2026-08-10T23:26:23.228Z] [LOGIC:PARSER] Saving new sequence 17475 {"days":[11,12,13,14],"statusTag":"SKD","credit":"18.22"}
[2026-08-10T23:26:23.228Z] [LOGIC:PARSER] Identified sequence number on line: 18080 {"day":11,"statusTag":"SKD"}
[2026-08-10T23:26:23.229Z] [LOGIC:PARSER] Saving new sequence 18080 {"days":[11,12,13,14],"statusTag":"SKD","credit":"19.56"}
[2026-08-10T23:26:23.229Z] [LOGIC:PARSER] Starting parseHI1Schedule {"textLength":1079}
[2026-08-10T23:26:23.229Z] [LOGIC:PARSER] Extracted vacations from HI1 {"vacationCount":0}
[2026-08-10T23:26:23.229Z] [LOGIC:PARSER] Identified sequence number on line: 21649 {"day":6,"statusTag":"SKD"}
[2026-08-10T23:26:23.230Z] [LOGIC:PARSER] Sequence transition detected from SEQ-8 to 21649 
[2026-08-10T23:26:23.230Z] [LOGIC:PARSER] Saving new sequence SEQ-8 {"days":[8],"statusTag":"SKD","credit":"14.01"}
[2026-08-10T23:26:23.230Z] [LOGIC:PARSER] Saving new sequence 21649 {"days":[6,7,8],"statusTag":"TT","credit":"17.34"}
[2026-08-10T23:26:23.230Z] [LOGIC:PARSER] Identified sequence number on line: 17475 {"day":11,"statusTag":"SKD"}
[2026-08-10T23:26:23.231Z] [LOGIC:PARSER] Identified sequence number on line: 18080 {"day":11,"statusTag":"SKD"}
[2026-08-10T23:26:23.231Z] [LOGIC:PARSER] Sequence transition detected from 17475 to 18080 
[2026-08-10T23:26:23.231Z] [LOGIC:PARSER] Saving new sequence 17475 {"days":[11,12,13,14],"statusTag":"SKD","credit":"18.22"}
[2026-08-10T23:26:23.231Z] [LOGIC:PARSER] Identified sequence number on line: 18080 {"day":11,"statusTag":"SKD"}
[2026-08-10T23:26:23.232Z] [LOGIC:PARSER] Saving new sequence 18080 {"days":[11,12,13,14],"statusTag":"SKD","credit":"19.56"}
[2026-08-10T23:26:23.529Z] [LOGIC:PARSER] Starting parseHI1Schedule {"textLength":1135}
[2026-08-10T23:26:23.530Z] [LOGIC:PARSER] Extracted vacations from HI1 {"vacationCount":0}
[2026-08-10T23:26:23.530Z] [LOGIC:PARSER] Saving new sequence SEQ-12 {"days":[12,13,14],"statusTag":"SKD","credit":"15.37"}
[2026-08-10T23:26:23.530Z] [LOGIC:PARSER] Identified sequence number on line: 21514 {"day":15,"statusTag":"SKD"}
[2026-08-10T23:26:23.531Z] [LOGIC:PARSER] Saving new sequence 21514 {"days":[15],"statusTag":"OT","credit":"5.09"}
[2026-08-10T23:26:23.531Z] [LOGIC:PARSER] Identified sequence number on line: 21614 {"day":17,"statusTag":"SKD"}
[2026-08-10T23:26:23.531Z] [LOGIC:PARSER] Saving new sequence 21614 {"days":[17],"statusTag":"SKD","credit":"7.40"}
[2026-08-10T23:26:23.531Z] [LOGIC:PARSER] Identified sequence number on line: 21614 {"day":17,"statusTag":"SKD"}
[2026-08-10T23:26:23.532Z] [LOGIC:PARSER] Identified sequence number on line: 21596 {"day":18,"statusTag":"OT"}
[2026-08-10T23:26:23.532Z] [LOGIC:PARSER] Sequence transition detected from 21614 to 21596 
[2026-08-10T23:26:23.532Z] [LOGIC:PARSER] Merging additional days into sequence 21614 {"addedDays":[17],"credit":"2.58"}
[2026-08-10T23:26:23.532Z] [LOGIC:PARSER] Identified sequence number on line: 17495 {"day":18,"statusTag":"SKD"}
[2026-08-10T23:26:23.532Z] [LOGIC:PARSER] Sequence transition detected from 21596 to 17495 
[2026-08-10T23:26:23.533Z] [LOGIC:PARSER] Saving new sequence 21596 {"days":[18],"statusTag":"SKD","credit":"1.09"}
[2026-08-10T23:26:23.533Z] [LOGIC:PARSER] Saving new sequence 17495 {"days":[18,19,20,21],"statusTag":"SKD","credit":"17.23"}
[2026-08-10T23:26:23.533Z] [LOGIC:PARSER] Starting parseHI1Schedule {"textLength":1135}
[2026-08-10T23:26:23.533Z] [LOGIC:PARSER] Extracted vacations from HI1 {"vacationCount":0}
[2026-08-10T23:26:23.533Z] [LOGIC:PARSER] Saving new sequence SEQ-12 {"days":[12,13,14],"statusTag":"SKD","credit":"15.37"}
[2026-08-10T23:26:23.534Z] [LOGIC:PARSER] Identified sequence number on line: 21514 {"day":15,"statusTag":"SKD"}
[2026-08-10T23:26:23.534Z] [LOGIC:PARSER] Saving new sequence 21514 {"days":[15],"statusTag":"OT","credit":"5.09"}
[2026-08-10T23:26:23.534Z] [LOGIC:PARSER] Identified sequence number on line: 21614 {"day":17,"statusTag":"SKD"}
[2026-08-10T23:26:23.534Z] [LOGIC:PARSER] Saving new sequence 21614 {"days":[17],"statusTag":"SKD","credit":"7.40"}
[2026-08-10T23:26:23.535Z] [LOGIC:PARSER] Identified sequence number on line: 21614 {"day":17,"statusTag":"SKD"}
[2026-08-10T23:26:23.535Z] [LOGIC:PARSER] Identified sequence number on line: 21596 {"day":18,"statusTag":"OT"}
[2026-08-10T23:26:23.535Z] [LOGIC:PARSER] Sequence transition detected from 21614 to 21596 
[2026-08-10T23:26:23.535Z] [LOGIC:PARSER] Merging additional days into sequence 21614 {"addedDays":[17],"credit":"2.58"}
[2026-08-10T23:26:23.535Z] [LOGIC:PARSER] Identified sequence number on line: 17495 {"day":18,"statusTag":"SKD"}
[2026-08-10T23:26:23.536Z] [LOGIC:PARSER] Sequence transition detected from 21596 to 17495 
[2026-08-10T23:26:23.536Z] [LOGIC:PARSER] Saving new sequence 21596 {"days":[18],"statusTag":"SKD","credit":"1.09"}
[2026-08-10T23:26:23.536Z] [LOGIC:PARSER] Saving new sequence 17495 {"days":[18,19,20,21],"statusTag":"SKD","credit":"17.23"}
[2026-08-10T23:26:23.826Z] [LOGIC:PARSER] Starting parseHI1Schedule {"textLength":1138}
[2026-08-10T23:26:23.827Z] [LOGIC:PARSER] Extracted vacations from HI1 {"vacationCount":0}
[2026-08-10T23:26:23.827Z] [LOGIC:PARSER] Saving new sequence SEQ-12 {"days":[12,13,14],"statusTag":"SKD","credit":"15.37"}
[2026-08-10T23:26:23.828Z] [LOGIC:PARSER] Identified sequence number on line: 21514 {"day":15,"statusTag":"SKD"}
[2026-08-10T23:26:23.828Z] [LOGIC:PARSER] Saving new sequence 21514 {"days":[15],"statusTag":"OT","credit":"5.09"}
[2026-08-10T23:26:23.828Z] [LOGIC:PARSER] Identified sequence number on line: 21614 {"day":17,"statusTag":"SKD"}
[2026-08-10T23:26:23.828Z] [LOGIC:PARSER] Saving new sequence 21614 {"days":[17],"statusTag":"SKD","credit":"7.40"}
[2026-08-10T23:26:23.829Z] [LOGIC:PARSER] Identified sequence number on line: 21614 {"day":17,"statusTag":"SKD"}
[2026-08-10T23:26:23.829Z] [LOGIC:PARSER] Identified sequence number on line: 21596 {"day":18,"statusTag":"OT"}
[2026-08-10T23:26:23.829Z] [LOGIC:PARSER] Sequence transition detected from 21614 to 21596 
[2026-08-10T23:26:23.830Z] [LOGIC:PARSER] Merging additional days into sequence 21614 {"addedDays":[17],"credit":"2.58"}
[2026-08-10T23:26:23.830Z] [LOGIC:PARSER] Identified sequence number on line: 17495 {"day":18,"statusTag":"SKD"}
[2026-08-10T23:26:23.830Z] [LOGIC:PARSER] Sequence transition detected from 21596 to 17495 
[2026-08-10T23:26:23.830Z] [LOGIC:PARSER] Saving new sequence 21596 {"days":[18],"statusTag":"SKD","credit":"1.09"}
[2026-08-10T23:26:23.831Z] [LOGIC:PARSER] Saving new sequence 17495 {"days":[18,19,20,21],"statusTag":"SKD","credit":"17.23"}
[2026-08-10T23:26:23.831Z] [LOGIC:PARSER] Starting parseHI1Schedule {"textLength":1138}
[2026-08-10T23:26:23.831Z] [LOGIC:PARSER] Extracted vacations from HI1 {"vacationCount":0}
[2026-08-10T23:26:23.831Z] [LOGIC:PARSER] Saving new sequence SEQ-12 {"days":[12,13,14],"statusTag":"SKD","credit":"15.37"}
[2026-08-10T23:26:23.832Z] [LOGIC:PARSER] Identified sequence number on line: 21514 {"day":15,"statusTag":"SKD"}
[2026-08-10T23:26:23.832Z] [LOGIC:PARSER] Saving new sequence 21514 {"days":[15],"statusTag":"OT","credit":"5.09"}
[2026-08-10T23:26:23.832Z] [LOGIC:PARSER] Identified sequence number on line: 21614 {"day":17,"statusTag":"SKD"}
[2026-08-10T23:26:23.832Z] [LOGIC:PARSER] Saving new sequence 21614 {"days":[17],"statusTag":"SKD","credit":"7.40"}
[2026-08-10T23:26:23.832Z] [LOGIC:PARSER] Identified sequence number on line: 21614 {"day":17,"statusTag":"SKD"}
[2026-08-10T23:26:23.833Z] [LOGIC:PARSER] Identified sequence number on line: 21596 {"day":18,"statusTag":"OT"}
[2026-08-10T23:26:23.833Z] [LOGIC:PARSER] Sequence transition detected from 21614 to 21596 
[2026-08-10T23:26:23.833Z] [LOGIC:PARSER] Merging additional days into sequence 21614 {"addedDays":[17],"credit":"2.58"}
[2026-08-10T23:26:23.833Z] [LOGIC:PARSER] Identified sequence number on line: 17495 {"day":18,"statusTag":"SKD"}
[2026-08-10T23:26:23.834Z] [LOGIC:PARSER] Sequence transition detected from 21596 to 17495 
[2026-08-10T23:26:23.834Z] [LOGIC:PARSER] Saving new sequence 21596 {"days":[18],"statusTag":"SKD","credit":"1.09"}
[2026-08-10T23:26:23.834Z] [LOGIC:PARSER] Saving new sequence 17495 {"days":[18,19,20,21],"statusTag":"SKD","credit":"17.23"}
[2026-08-10T23:26:24.130Z] [LOGIC:PARSER] Starting parseHI1Schedule {"textLength":1089}
[2026-08-10T23:26:24.130Z] [LOGIC:PARSER] Extracted vacations from HI1 {"vacationCount":0}
[2026-08-10T23:26:24.131Z] [LOGIC:PARSER] Identified sequence number on line: 17495 {"day":18,"statusTag":"SKD"}
[2026-08-10T23:26:24.131Z] [LOGIC:PARSER] Saving new sequence 17495 {"days":[18,19,20,21],"statusTag":"SKD","credit":"19.54"}
[2026-08-10T23:26:24.131Z] [LOGIC:PARSER] Identified sequence number on line: 21566 {"day":23,"statusTag":"SKD"}
[2026-08-10T23:26:24.131Z] [LOGIC:PARSER] Saving new sequence 21566 {"days":[23],"statusTag":"OT","credit":"3.58"}
[2026-08-10T23:26:24.132Z] [LOGIC:PARSER] Identified sequence number on line: 17333 {"day":24,"statusTag":"SKD"}
[2026-08-10T23:26:24.132Z] [LOGIC:PARSER] Identified sequence number on line: 17333 {"day":24,"statusTag":"SKD"}
[2026-08-10T23:26:24.132Z] [LOGIC:PARSER] Saving new sequence 17333 {"days":[24,25,26],"statusTag":"SKD","credit":"3.44"}
[2026-08-10T23:26:24.132Z] [LOGIC:PARSER] Starting parseHI1Schedule {"textLength":1089}
[2026-08-10T23:26:24.132Z] [LOGIC:PARSER] Extracted vacations from HI1 {"vacationCount":0}
[2026-08-10T23:26:24.133Z] [LOGIC:PARSER] Identified sequence number on line: 17495 {"day":18,"statusTag":"SKD"}
[2026-08-10T23:26:24.133Z] [LOGIC:PARSER] Saving new sequence 17495 {"days":[18,19,20,21],"statusTag":"SKD","credit":"19.54"}
[2026-08-10T23:26:24.133Z] [LOGIC:PARSER] Identified sequence number on line: 21566 {"day":23,"statusTag":"SKD"}
[2026-08-10T23:26:24.133Z] [LOGIC:PARSER] Saving new sequence 21566 {"days":[23],"statusTag":"OT","credit":"3.58"}
[2026-08-10T23:26:24.133Z] [LOGIC:PARSER] Identified sequence number on line: 17333 {"day":24,"statusTag":"SKD"}
[2026-08-10T23:26:24.134Z] [LOGIC:PARSER] Identified sequence number on line: 17333 {"day":24,"statusTag":"SKD"}
[2026-08-10T23:26:24.134Z] [LOGIC:PARSER] Saving new sequence 17333 {"days":[24,25,26],"statusTag":"SKD","credit":"3.44"}
[2026-08-10T23:26:24.424Z] [LOGIC:PARSER] Starting parseHI1Schedule {"textLength":1092}
[2026-08-10T23:26:24.425Z] [LOGIC:PARSER] Extracted vacations from HI1 {"vacationCount":0}
[2026-08-10T23:26:24.425Z] [LOGIC:PARSER] Identified sequence number on line: 17495 {"day":18,"statusTag":"SKD"}
[2026-08-10T23:26:24.426Z] [LOGIC:PARSER] Saving new sequence 17495 {"days":[18,19,20,21],"statusTag":"SKD","credit":"19.54"}
[2026-08-10T23:26:24.426Z] [LOGIC:PARSER] Identified sequence number on line: 21566 {"day":23,"statusTag":"SKD"}
[2026-08-10T23:26:24.426Z] [LOGIC:PARSER] Saving new sequence 21566 {"days":[23],"statusTag":"OT","credit":"3.58"}
[2026-08-10T23:26:24.426Z] [LOGIC:PARSER] Identified sequence number on line: 17333 {"day":24,"statusTag":"SKD"}
[2026-08-10T23:26:24.427Z] [LOGIC:PARSER] Identified sequence number on line: 17333 {"day":24,"statusTag":"SKD"}
[2026-08-10T23:26:24.427Z] [LOGIC:PARSER] Saving new sequence 17333 {"days":[24,25,26],"statusTag":"SKD","credit":"3.44"}
[2026-08-10T23:26:24.427Z] [LOGIC:PARSER] Starting parseHI1Schedule {"textLength":1092}
[2026-08-10T23:26:24.428Z] [LOGIC:PARSER] Extracted vacations from HI1 {"vacationCount":0}
[2026-08-10T23:26:24.428Z] [LOGIC:PARSER] Identified sequence number on line: 17495 {"day":18,"statusTag":"SKD"}
[2026-08-10T23:26:24.428Z] [LOGIC:PARSER] Saving new sequence 17495 {"days":[18,19,20,21],"statusTag":"SKD","credit":"19.54"}
[2026-08-10T23:26:24.428Z] [LOGIC:PARSER] Identified sequence number on line: 21566 {"day":23,"statusTag":"SKD"}
[2026-08-10T23:26:24.428Z] [LOGIC:PARSER] Saving new sequence 21566 {"days":[23],"statusTag":"OT","credit":"3.58"}
[2026-08-10T23:26:24.429Z] [LOGIC:PARSER] Identified sequence number on line: 17333 {"day":24,"statusTag":"SKD"}
[2026-08-10T23:26:24.429Z] [LOGIC:PARSER] Identified sequence number on line: 17333 {"day":24,"statusTag":"SKD"}
[2026-08-10T23:26:24.429Z] [LOGIC:PARSER] Saving new sequence 17333 {"days":[24,25,26],"statusTag":"SKD","credit":"3.44"}
[2026-08-10T23:26:24.729Z] [LOGIC:PARSER] Starting parseHI1Schedule {"textLength":1028}
[2026-08-10T23:26:24.729Z] [LOGIC:PARSER] Extracted vacations from HI1 {"vacationCount":0}
[2026-08-10T23:26:24.729Z] [LOGIC:PARSER] Saving new sequence SEQ-25 {"days":[25,26],"statusTag":"SKD","credit":"14.52"}
[2026-08-10T23:26:24.729Z] [LOGIC:PARSER] Identified sequence number on line: 17894 {"day":27,"statusTag":"SKD"}
[2026-08-10T23:26:24.730Z] [LOGIC:PARSER] Identified sequence number on line: 17894 {"day":27,"statusTag":"SKD"}
[2026-08-10T23:26:24.730Z] [LOGIC:PARSER] Saving new sequence 17894 {"days":[27,28],"statusTag":"SKD","credit":"6.20"}
[2026-08-10T23:26:24.730Z] [LOGIC:PARSER] Identified sequence number on line: 17270 {"day":30,"statusTag":"SKD"}
[2026-08-10T23:26:24.730Z] [LOGIC:PARSER] Saving new sequence 17270 {"days":[30,31],"statusTag":"SKD","credit":"9.25"}
[2026-08-10T23:26:24.731Z] [LOGIC:PARSER] Starting parseHI1Schedule {"textLength":1028}
[2026-08-10T23:26:24.731Z] [LOGIC:PARSER] Extracted vacations from HI1 {"vacationCount":0}
[2026-08-10T23:26:24.731Z] [LOGIC:PARSER] Saving new sequence SEQ-25 {"days":[25,26],"statusTag":"SKD","credit":"14.52"}
[2026-08-10T23:26:24.732Z] [LOGIC:PARSER] Identified sequence number on line: 17894 {"day":27,"statusTag":"SKD"}
[2026-08-10T23:26:24.732Z] [LOGIC:PARSER] Identified sequence number on line: 17894 {"day":27,"statusTag":"SKD"}
[2026-08-10T23:26:24.732Z] [LOGIC:PARSER] Saving new sequence 17894 {"days":[27,28],"statusTag":"SKD","credit":"6.20"}
[2026-08-10T23:26:24.732Z] [LOGIC:PARSER] Identified sequence number on line: 17270 {"day":30,"statusTag":"SKD"}
[2026-08-10T23:26:24.732Z] [LOGIC:PARSER] Saving new sequence 17270 {"days":[30,31],"statusTag":"SKD","credit":"9.25"}
[2026-08-10T23:26:24.787Z] [LOGIC:PARSER] Starting parseHI1Schedule {"textLength":5281}
[2026-08-10T23:26:24.788Z] [LOGIC:PARSER] Extracted vacations from HI1 {"vacationCount":0}
[2026-08-10T23:26:24.788Z] [LOGIC:PARSER] Identified sequence number on line: 17352 {"day":6,"statusTag":"SKD"}
[2026-08-10T23:26:24.788Z] [LOGIC:PARSER] Identified sequence number on line: 21649 {"day":6,"statusTag":"TT"}
[2026-08-10T23:26:24.788Z] [LOGIC:PARSER] Sequence transition detected from 17352 to 21649 
[2026-08-10T23:26:24.789Z] [LOGIC:PARSER] Saving new sequence 17352 {"days":[6,7,8],"statusTag":"TT","credit":"14.01"}
[2026-08-10T23:26:24.789Z] [LOGIC:PARSER] Saving new sequence 21649 {"days":[6,7,8],"statusTag":"TT","credit":"17.34"}
[2026-08-10T23:26:24.789Z] [LOGIC:PARSER] Identified sequence number on line: 17475 {"day":11,"statusTag":"SKD"}
[2026-08-10T23:26:24.789Z] [LOGIC:PARSER] Identified sequence number on line: 18080 {"day":11,"statusTag":"SKD"}
[2026-08-10T23:26:24.790Z] [LOGIC:PARSER] Sequence transition detected from 17475 to 18080 
[2026-08-10T23:26:24.790Z] [LOGIC:PARSER] Saving new sequence 17475 {"days":[11,12,13,14],"statusTag":"SKD","credit":"18.22"}
[2026-08-10T23:26:24.790Z] [LOGIC:PARSER] Identified sequence number on line: 18080 {"day":11,"statusTag":"SKD"}
[2026-08-10T23:26:24.790Z] [LOGIC:PARSER] Saving new sequence 18080 {"days":[11,12,13,14],"statusTag":"SKD","credit":"15.37"}
[2026-08-10T23:26:24.791Z] [LOGIC:PARSER] Identified sequence number on line: 21514 {"day":15,"statusTag":"SKD"}
[2026-08-10T23:26:24.791Z] [LOGIC:PARSER] Saving new sequence 21514 {"days":[15],"statusTag":"OT","credit":"5.09"}
[2026-08-10T23:26:24.791Z] [LOGIC:PARSER] Identified sequence number on line: 21614 {"day":17,"statusTag":"SKD"}
[2026-08-10T23:26:24.791Z] [LOGIC:PARSER] Saving new sequence 21614 {"days":[17],"statusTag":"SKD","credit":"7.40"}
[2026-08-10T23:26:24.792Z] [LOGIC:PARSER] Identified sequence number on line: 21614 {"day":17,"statusTag":"SKD"}
[2026-08-10T23:26:24.792Z] [LOGIC:PARSER] Identified sequence number on line: 21596 {"day":18,"statusTag":"OT"}
[2026-08-10T23:26:24.792Z] [LOGIC:PARSER] Sequence transition detected from 21614 to 21596 
[2026-08-10T23:26:24.793Z] [LOGIC:PARSER] Merging additional days into sequence 21614 {"addedDays":[17],"credit":"2.58"}
[2026-08-10T23:26:24.793Z] [LOGIC:PARSER] Identified sequence number on line: 17495 {"day":18,"statusTag":"SKD"}
[2026-08-10T23:26:24.793Z] [LOGIC:PARSER] Sequence transition detected from 21596 to 17495 
[2026-08-10T23:26:24.793Z] [LOGIC:PARSER] Saving new sequence 21596 {"days":[18],"statusTag":"SKD","credit":"1.09"}
[2026-08-10T23:26:24.794Z] [LOGIC:PARSER] Identified sequence number on line: 17495 {"day":18,"statusTag":"SKD"}
[2026-08-10T23:26:24.794Z] [LOGIC:PARSER] Saving new sequence 17495 {"days":[18,19,20,21],"statusTag":"SKD","credit":"19.54"}
[2026-08-10T23:26:24.794Z] [LOGIC:PARSER] Identified sequence number on line: 21566 {"day":23,"statusTag":"SKD"}
[2026-08-10T23:26:24.794Z] [LOGIC:PARSER] Saving new sequence 21566 {"days":[23],"statusTag":"OT","credit":"3.58"}
[2026-08-10T23:26:24.794Z] [LOGIC:PARSER] Identified sequence number on line: 17333 {"day":24,"statusTag":"SKD"}
[2026-08-10T23:26:24.795Z] [LOGIC:PARSER] Identified sequence number on line: 17333 {"day":24,"statusTag":"SKD"}
[2026-08-10T23:26:24.795Z] [LOGIC:PARSER] Saving new sequence 17333 {"days":[24,25,26],"statusTag":"SKD","credit":"14.52"}
[2026-08-10T23:26:24.795Z] [LOGIC:PARSER] Identified sequence number on line: 17894 {"day":27,"statusTag":"SKD"}
[2026-08-10T23:26:24.795Z] [LOGIC:PARSER] Identified sequence number on line: 17894 {"day":27,"statusTag":"SKD"}
[2026-08-10T23:26:24.796Z] [LOGIC:PARSER] Saving new sequence 17894 {"days":[27,28],"statusTag":"SKD","credit":"6.20"}
[2026-08-10T23:26:24.796Z] [LOGIC:PARSER] Identified sequence number on line: 17270 {"day":30,"statusTag":"SKD"}
[2026-08-10T23:26:24.796Z] [LOGIC:PARSER] Saving new sequence 17270 {"days":[30,31],"statusTag":"SKD","credit":"9.25"}
[2026-08-10T23:27:13.334Z] [LOGIC:PARSER] Starting parseHI1Schedule {"textLength":1030}
[2026-08-10T23:27:13.335Z] [LOGIC:PARSER] Extracted vacations from HI1 {"vacationCount":0}
[2026-08-10T23:27:13.335Z] [LOGIC:PARSER] Saving new sequence SEQ-25 {"days":[25,26],"statusTag":"SKD","credit":"14.52"}
[2026-08-10T23:27:13.335Z] [LOGIC:PARSER] Identified sequence number on line: 17894 {"day":27,"statusTag":"SKD"}
[2026-08-10T23:27:13.335Z] [LOGIC:PARSER] Identified sequence number on line: 17894 {"day":27,"statusTag":"SKD"}
[2026-08-10T23:27:13.336Z] [LOGIC:PARSER] Saving new sequence 17894 {"days":[27,28],"statusTag":"SKD","credit":"6.20"}
[2026-08-10T23:27:13.336Z] [LOGIC:PARSER] Identified sequence number on line: 17270 {"day":30,"statusTag":"SKD"}
[2026-08-10T23:27:13.336Z] [LOGIC:PARSER] Saving new sequence 17270 {"days":[30,31],"statusTag":"SKD","credit":"9.25"}
[2026-08-10T23:27:13.336Z] [LOGIC:PARSER] Starting parseHI1Schedule {"textLength":1030}
[2026-08-10T23:27:13.336Z] [LOGIC:PARSER] Extracted vacations from HI1 {"vacationCount":0}
[2026-08-10T23:27:13.337Z] [LOGIC:PARSER] Saving new sequence SEQ-25 {"days":[25,26],"statusTag":"SKD","credit":"14.52"}
[2026-08-10T23:27:13.337Z] [LOGIC:PARSER] Identified sequence number on line: 17894 {"day":27,"statusTag":"SKD"}
[2026-08-10T23:27:13.337Z] [LOGIC:PARSER] Identified sequence number on line: 17894 {"day":27,"statusTag":"SKD"}
[2026-08-10T23:27:13.337Z] [LOGIC:PARSER] Saving new sequence 17894 {"days":[27,28],"statusTag":"SKD","credit":"6.20"}
[2026-08-10T23:27:13.337Z] [LOGIC:PARSER] Identified sequence number on line: 17270 {"day":30,"statusTag":"SKD"}
[2026-08-10T23:27:13.338Z] [LOGIC:PARSER] Saving new sequence 17270 {"days":[30,31],"statusTag":"SKD","credit":"9.25"}
[2026-08-10T23:27:13.623Z] [LOGIC:PARSER] Starting parseHI1Schedule {"textLength":1038}
[2026-08-10T23:27:13.623Z] [LOGIC:PARSER] Extracted vacations from HI1 {"vacationCount":0}
[2026-08-10T23:27:13.624Z] [LOGIC:PARSER] Saving new sequence SEQ-25 {"days":[25,26],"statusTag":"SKD","credit":"14.52"}
[2026-08-10T23:27:13.624Z] [LOGIC:PARSER] Identified sequence number on line: 17894 {"day":27,"statusTag":"SKD"}
[2026-08-10T23:27:13.624Z] [LOGIC:PARSER] Identified sequence number on line: 17894 {"day":27,"statusTag":"SKD"}
[2026-08-10T23:27:13.624Z] [LOGIC:PARSER] Saving new sequence 17894 {"days":[27,28],"statusTag":"SKD","credit":"6.20"}
[2026-08-10T23:27:13.625Z] [LOGIC:PARSER] Identified sequence number on line: 17270 {"day":30,"statusTag":"SKD"}
[2026-08-10T23:27:13.625Z] [LOGIC:PARSER] Saving new sequence 17270 {"days":[30,31],"statusTag":"SKD","credit":"9.25"}
[2026-08-10T23:27:13.625Z] [LOGIC:PARSER] Starting parseHI1Schedule {"textLength":1038}
[2026-08-10T23:27:13.626Z] [LOGIC:PARSER] Extracted vacations from HI1 {"vacationCount":0}
[2026-08-10T23:27:13.626Z] [LOGIC:PARSER] Saving new sequence SEQ-25 {"days":[25,26],"statusTag":"SKD","credit":"14.52"}
[2026-08-10T23:27:13.626Z] [LOGIC:PARSER] Identified sequence number on line: 17894 {"day":27,"statusTag":"SKD"}
[2026-08-10T23:27:13.626Z] [LOGIC:PARSER] Identified sequence number on line: 17894 {"day":27,"statusTag":"SKD"}
[2026-08-10T23:27:13.627Z] [LOGIC:PARSER] Saving new sequence 17894 {"days":[27,28],"statusTag":"SKD","credit":"6.20"}
[2026-08-10T23:27:13.627Z] [LOGIC:PARSER] Identified sequence number on line: 17270 {"day":30,"statusTag":"SKD"}
[2026-08-10T23:27:13.627Z] [LOGIC:PARSER] Saving new sequence 17270 {"days":[30,31],"statusTag":"SKD","credit":"9.25"}
[2026-08-10T23:27:13.926Z] [LOGIC:PARSER] Starting parseHI1Schedule {"textLength":1046}
[2026-08-10T23:27:13.927Z] [LOGIC:PARSER] Extracted vacations from HI1 {"vacationCount":0}
[2026-08-10T23:27:13.927Z] [LOGIC:PARSER] Saving new sequence SEQ-25 {"days":[25,26],"statusTag":"SKD","credit":"14.52"}
[2026-08-10T23:27:13.927Z] [LOGIC:PARSER] Identified sequence number on line: 17894 {"day":27,"statusTag":"SKD"}
[2026-08-10T23:27:13.927Z] [LOGIC:PARSER] Identified sequence number on line: 17894 {"day":27,"statusTag":"SKD"}
[2026-08-10T23:27:13.928Z] [LOGIC:PARSER] Saving new sequence 17894 {"days":[27,28],"statusTag":"SKD","credit":"6.20"}
[2026-08-10T23:27:13.928Z] [LOGIC:PARSER] Identified sequence number on line: 17270 {"day":30,"statusTag":"SKD"}
[2026-08-10T23:27:13.928Z] [LOGIC:PARSER] Saving new sequence 17270 {"days":[30,31],"statusTag":"SKD","credit":"9.25"}
[2026-08-10T23:27:13.928Z] [LOGIC:PARSER] Starting parseHI1Schedule {"textLength":1046}
[2026-08-10T23:27:13.929Z] [LOGIC:PARSER] Extracted vacations from HI1 {"vacationCount":0}
[2026-08-10T23:27:13.929Z] [LOGIC:PARSER] Saving new sequence SEQ-25 {"days":[25,26],"statusTag":"SKD","credit":"14.52"}
[2026-08-10T23:27:13.929Z] [LOGIC:PARSER] Identified sequence number on line: 17894 {"day":27,"statusTag":"SKD"}
[2026-08-10T23:27:13.929Z] [LOGIC:PARSER] Identified sequence number on line: 17894 {"day":27,"statusTag":"SKD"}
[2026-08-10T23:27:13.930Z] [LOGIC:PARSER] Saving new sequence 17894 {"days":[27,28],"statusTag":"SKD","credit":"6.20"}
[2026-08-10T23:27:13.930Z] [LOGIC:PARSER] Identified sequence number on line: 17270 {"day":30,"statusTag":"SKD"}
[2026-08-10T23:27:13.930Z] [LOGIC:PARSER] Saving new sequence 17270 {"days":[30,31],"statusTag":"SKD","credit":"9.25"}
[2026-08-10T23:27:14.225Z] [LOGIC:PARSER] Starting parseHI1Schedule {"textLength":1047}
[2026-08-10T23:27:14.225Z] [LOGIC:PARSER] Extracted vacations from HI1 {"vacationCount":0}
[2026-08-10T23:27:14.226Z] [LOGIC:PARSER] Saving new sequence SEQ-25 {"days":[25,26],"statusTag":"SKD","credit":"14.52"}
[2026-08-10T23:27:14.226Z] [LOGIC:PARSER] Identified sequence number on line: 17894 {"day":27,"statusTag":"SKD"}
[2026-08-10T23:27:14.226Z] [LOGIC:PARSER] Identified sequence number on line: 17894 {"day":27,"statusTag":"SKD"}
[2026-08-10T23:27:14.226Z] [LOGIC:PARSER] Saving new sequence 17894 {"days":[27,28],"statusTag":"SKD","credit":"6.20"}
[2026-08-10T23:27:14.227Z] [LOGIC:PARSER] Identified sequence number on line: 17270 {"day":30,"statusTag":"SKD"}
[2026-08-10T23:27:14.227Z] [LOGIC:PARSER] Saving new sequence 17270 {"days":[30,31],"statusTag":"SKD","credit":"9.25"}
[2026-08-10T23:27:14.227Z] [LOGIC:PARSER] Starting parseHI1Schedule {"textLength":1047}
[2026-08-10T23:27:14.227Z] [LOGIC:PARSER] Extracted vacations from HI1 {"vacationCount":0}
[2026-08-10T23:27:14.228Z] [LOGIC:PARSER] Saving new sequence SEQ-25 {"days":[25,26],"statusTag":"SKD","credit":"14.52"}
[2026-08-10T23:27:14.228Z] [LOGIC:PARSER] Identified sequence number on line: 17894 {"day":27,"statusTag":"SKD"}
[2026-08-10T23:27:14.228Z] [LOGIC:PARSER] Identified sequence number on line: 17894 {"day":27,"statusTag":"SKD"}
[2026-08-10T23:27:14.228Z] [LOGIC:PARSER] Saving new sequence 17894 {"days":[27,28],"statusTag":"SKD","credit":"6.20"}
[2026-08-10T23:27:14.228Z] [LOGIC:PARSER] Identified sequence number on line: 17270 {"day":30,"statusTag":"SKD"}
[2026-08-10T23:27:14.229Z] [LOGIC:PARSER] Saving new sequence 17270 {"days":[30,31],"statusTag":"SKD","credit":"9.25"}
[2026-08-10T23:27:14.535Z] [LOGIC:PARSER] Starting parseHI1Schedule {"textLength":1078}
[2026-08-10T23:27:14.535Z] [LOGIC:PARSER] Extracted vacations from HI1 {"vacationCount":0}
[2026-08-10T23:27:14.536Z] [LOGIC:PARSER] Starting parseHI1Schedule {"textLength":1078}
[2026-08-10T23:27:14.536Z] [LOGIC:PARSER] Extracted vacations from HI1 {"vacationCount":0}
[2026-08-10T23:27:16.923Z] [LOGIC:PARSER] Starting parseHI1Schedule {"textLength":1078}
[2026-08-10T23:27:16.923Z] [LOGIC:PARSER] Extracted vacations from HI1 {"vacationCount":0}
[2026-08-10T23:27:16.924Z] [LOGIC:PARSER] Starting parseHI1Schedule {"textLength":1078}
[2026-08-10T23:27:16.924Z] [LOGIC:PARSER] Extracted vacations from HI1 {"vacationCount":0}
[2026-08-10T23:27:17.223Z] [LOGIC:PARSER] Starting parseHI1Schedule {"textLength":1026}
[2026-08-10T23:27:17.223Z] [LOGIC:PARSER] Extracted vacations from HI1 {"vacationCount":0}
[2026-08-10T23:27:17.223Z] [LOGIC:PARSER] Starting parseHI1Schedule {"textLength":1026}
[2026-08-10T23:27:17.223Z] [LOGIC:PARSER] Extracted vacations from HI1 {"vacationCount":0}
[2026-08-10T23:27:17.527Z] [LOGIC:PARSER] Starting parseHI1Schedule {"textLength":1029}
[2026-08-10T23:27:17.527Z] [LOGIC:PARSER] Extracted vacations from HI1 {"vacationCount":0}
[2026-08-10T23:27:17.528Z] [LOGIC:PARSER] Starting parseHI1Schedule {"textLength":1029}
[2026-08-10T23:27:17.528Z] [LOGIC:PARSER] Extracted vacations from HI1 {"vacationCount":0}
[2026-08-10T23:27:17.822Z] [LOGIC:PARSER] Starting parseHI1Schedule {"textLength":1023}
[2026-08-10T23:27:17.823Z] [LOGIC:PARSER] Extracted vacations from HI1 {"vacationCount":0}
[2026-08-10T23:27:17.823Z] [LOGIC:PARSER] Starting parseHI1Schedule {"textLength":1023}
[2026-08-10T23:27:17.823Z] [LOGIC:PARSER] Extracted vacations from HI1 {"vacationCount":0}
[2026-08-10T23:27:18.126Z] [LOGIC:PARSER] Starting parseHI1Schedule {"textLength":1026}
[2026-08-10T23:27:18.127Z] [LOGIC:PARSER] Extracted vacations from HI1 {"vacationCount":0}
[2026-08-10T23:27:18.127Z] [LOGIC:PARSER] Starting parseHI1Schedule {"textLength":1026}
[2026-08-10T23:27:18.127Z] [LOGIC:PARSER] Extracted vacations from HI1 {"vacationCount":0}
[2026-08-10T23:27:18.435Z] [LOGIC:PARSER] Starting parseHI1Schedule {"textLength":3129}
[2026-08-10T23:27:18.435Z] [LOGIC:PARSER] Extracted vacations from HI1 {"vacationCount":0}
[2026-08-10T23:27:18.436Z] [LOGIC:PARSER] Starting parseHI1Schedule {"textLength":3129}
[2026-08-10T23:27:18.436Z] [LOGIC:PARSER] Extracted vacations from HI1 {"vacationCount":0}
[2026-08-10T23:27:58.543Z] [LOGIC:PARSER] Starting parseHI1Schedule {"textLength":3121}
[2026-08-10T23:27:58.544Z] [LOGIC:PARSER] Extracted vacations from HI1 {"vacationCount":0}
[2026-08-10T23:27:58.544Z] [LOGIC:PARSER] Starting parseHI1Schedule {"textLength":3121}
[2026-08-10T23:27:58.544Z] [LOGIC:PARSER] Extracted vacations from HI1 {"vacationCount":0}
[2026-08-10T23:28:04.657Z] [LOGIC:PARSER] Starting parseHI1Schedule {"textLength":1991}
[2026-08-10T23:28:04.658Z] [LOGIC:PARSER] Extracted vacations from HI1 {"vacationCount":0}
[2026-08-10T23:28:04.658Z] [LOGIC:PARSER] Starting parseHI1Schedule {"textLength":1991}
[2026-08-10T23:28:04.658Z] [LOGIC:PARSER] Extracted vacations from HI1 {"vacationCount":0}
[2026-08-10T23:28:10.776Z] [LOGIC:PARSER] Starting parseHI1Schedule {"textLength":2675}
[2026-08-10T23:28:10.776Z] [LOGIC:PARSER] Extracted vacations from HI1 {"vacationCount":0}
[2026-08-10T23:28:10.776Z] [LOGIC:PARSER] Starting parseHI1Schedule {"textLength":2675}
[2026-08-10T23:28:10.777Z] [LOGIC:PARSER] Extracted vacations from HI1 {"vacationCount":0}
[2026-08-10T23:28:16.924Z] [LOGIC:PARSER] Starting parseHI1Schedule {"textLength":3198}
[2026-08-10T23:28:16.924Z] [LOGIC:PARSER] Extracted vacations from HI1 {"vacationCount":0}
[2026-08-10T23:28:16.925Z] [LOGIC:PARSER] Starting parseHI1Schedule {"textLength":3198}
[2026-08-10T23:28:16.925Z] [LOGIC:PARSER] Extracted vacations from HI1 {"vacationCount":0}
[2026-08-10T23:28:23.071Z] [LOGIC:PARSER] Starting parseHI1Schedule {"textLength":1991}
[2026-08-10T23:28:23.071Z] [LOGIC:PARSER] Extracted vacations from HI1 {"vacationCount":0}
[2026-08-10T23:28:23.072Z] [LOGIC:PARSER] Starting parseHI1Schedule {"textLength":1991}
[2026-08-10T23:28:23.072Z] [LOGIC:PARSER] Extracted vacations from HI1 {"vacationCount":0}
[2026-08-10T23:28:29.225Z] [LOGIC:PARSER] Starting parseHI1Schedule {"textLength":3186}
[2026-08-10T23:28:29.225Z] [LOGIC:PARSER] Extracted vacations from HI1 {"vacationCount":0}
[2026-08-10T23:28:29.226Z] [LOGIC:PARSER] Starting parseHI1Schedule {"textLength":3186}
[2026-08-10T23:28:29.226Z] [LOGIC:PARSER] Extracted vacations from HI1 {"vacationCount":0}
[2026-08-10T23:28:35.373Z] [LOGIC:PARSER] Starting parseHI1Schedule {"textLength":3352}
[2026-08-10T23:28:35.374Z] [LOGIC:PARSER] Extracted vacations from HI1 {"vacationCount":0}
[2026-08-10T23:28:35.374Z] [LOGIC:PARSER] Starting parseHI1Schedule {"textLength":3352}
[2026-08-10T23:28:35.374Z] [LOGIC:PARSER] Extracted vacations from HI1 {"vacationCount":0}
[2026-08-10T23:37:29.748Z] [LOGIC:PARSER] Starting parseHI1Schedule {"textLength":3352}
[2026-08-10T23:37:29.749Z] [LOGIC:PARSER] Extracted vacations from HI1 {"vacationCount":0}
[2026-08-10T23:37:29.749Z] [LOGIC:PARSER] Starting parseHI1Schedule {"textLength":3352}
[2026-08-10T23:37:29.750Z] [LOGIC:PARSER] Extracted vacations from HI1 {"vacationCount":0}
[2026-08-10T23:48:01.550Z] [LOGIC:PARSER] Starting parseHI1Schedule {"textLength":949}
[2026-08-10T23:48:01.550Z] [LOGIC:PARSER] Extracted vacations from HI1 {"vacationCount":0}
[2026-08-10T23:48:01.551Z] [LOGIC:PARSER] Identified sequence number on line: 17352 {"day":6,"statusTag":"SKD"}
[2026-08-10T23:48:01.551Z] [LOGIC:PARSER] Saving new sequence 17352 {"days":[6,7],"statusTag":"TT","credit":"4.39"}
[2026-08-10T23:48:01.551Z] [LOGIC:PARSER] Starting parseHI1Schedule {"textLength":949}
[2026-08-10T23:48:01.551Z] [LOGIC:PARSER] Extracted vacations from HI1 {"vacationCount":0}
[2026-08-10T23:48:01.552Z] [LOGIC:PARSER] Identified sequence number on line: 17352 {"day":6,"statusTag":"SKD"}
[2026-08-10T23:48:01.552Z] [LOGIC:PARSER] Saving new sequence 17352 {"days":[6,7],"statusTag":"TT","credit":"4.39"}
[2026-08-10T23:48:03.346Z] [LOGIC:PARSER] Starting parseHI1Schedule {"textLength":952}
[2026-08-10T23:48:03.347Z] [LOGIC:PARSER] Extracted vacations from HI1 {"vacationCount":0}
[2026-08-10T23:48:03.347Z] [LOGIC:PARSER] Identified sequence number on line: 17352 {"day":6,"statusTag":"SKD"}
[2026-08-10T23:48:03.347Z] [LOGIC:PARSER] Saving new sequence 17352 {"days":[6,7],"statusTag":"TT","credit":"4.39"}
[2026-08-10T23:48:03.347Z] [LOGIC:PARSER] Starting parseHI1Schedule {"textLength":952}
[2026-08-10T23:48:03.348Z] [LOGIC:PARSER] Extracted vacations from HI1 {"vacationCount":0}
[2026-08-10T23:48:03.348Z] [LOGIC:PARSER] Identified sequence number on line: 17352 {"day":6,"statusTag":"SKD"}
[2026-08-10T23:48:03.348Z] [LOGIC:PARSER] Saving new sequence 17352 {"days":[6,7],"statusTag":"TT","credit":"4.39"}
[2026-08-10T23:48:03.643Z] [LOGIC:PARSER] Starting parseHI1Schedule {"textLength":1076}
[2026-08-10T23:48:03.644Z] [LOGIC:PARSER] Extracted vacations from HI1 {"vacationCount":0}
[2026-08-10T23:48:03.644Z] [LOGIC:PARSER] Identified sequence number on line: 21649 {"day":6,"statusTag":"SKD"}
[2026-08-10T23:48:03.644Z] [LOGIC:PARSER] Sequence transition detected from SEQ-8 to 21649 
[2026-08-10T23:48:03.644Z] [LOGIC:PARSER] Saving new sequence SEQ-8 {"days":[8],"statusTag":"SKD","credit":"14.01"}
[2026-08-10T23:48:03.645Z] [LOGIC:PARSER] Saving new sequence 21649 {"days":[6,7,8],"statusTag":"TT","credit":"17.34"}
[2026-08-10T23:48:03.645Z] [LOGIC:PARSER] Identified sequence number on line: 17475 {"day":11,"statusTag":"SKD"}
[2026-08-10T23:48:03.645Z] [LOGIC:PARSER] Identified sequence number on line: 18080 {"day":11,"statusTag":"SKD"}
[2026-08-10T23:48:03.646Z] [LOGIC:PARSER] Sequence transition detected from 17475 to 18080 
[2026-08-10T23:48:03.646Z] [LOGIC:PARSER] Saving new sequence 17475 {"days":[11,12,13,14],"statusTag":"SKD","credit":"18.22"}
[2026-08-10T23:48:03.646Z] [LOGIC:PARSER] Identified sequence number on line: 18080 {"day":11,"statusTag":"SKD"}
[2026-08-10T23:48:03.646Z] [LOGIC:PARSER] Saving new sequence 18080 {"days":[11,12,13,14],"statusTag":"SKD","credit":"19.56"}
[2026-08-10T23:48:03.646Z] [LOGIC:PARSER] Starting parseHI1Schedule {"textLength":1076}
[2026-08-10T23:48:03.647Z] [LOGIC:PARSER] Extracted vacations from HI1 {"vacationCount":0}
[2026-08-10T23:48:03.647Z] [LOGIC:PARSER] Identified sequence number on line: 21649 {"day":6,"statusTag":"SKD"}
[2026-08-10T23:48:03.647Z] [LOGIC:PARSER] Sequence transition detected from SEQ-8 to 21649 
[2026-08-10T23:48:03.647Z] [LOGIC:PARSER] Saving new sequence SEQ-8 {"days":[8],"statusTag":"SKD","credit":"14.01"}
[2026-08-10T23:48:03.648Z] [LOGIC:PARSER] Saving new sequence 21649 {"days":[6,7,8],"statusTag":"TT","credit":"17.34"}
[2026-08-10T23:48:03.648Z] [LOGIC:PARSER] Identified sequence number on line: 17475 {"day":11,"statusTag":"SKD"}
[2026-08-10T23:48:03.648Z] [LOGIC:PARSER] Identified sequence number on line: 18080 {"day":11,"statusTag":"SKD"}
[2026-08-10T23:48:03.648Z] [LOGIC:PARSER] Sequence transition detected from 17475 to 18080 
[2026-08-10T23:48:03.648Z] [LOGIC:PARSER] Saving new sequence 17475 {"days":[11,12,13,14],"statusTag":"SKD","credit":"18.22"}
[2026-08-10T23:48:03.649Z] [LOGIC:PARSER] Identified sequence number on line: 18080 {"day":11,"statusTag":"SKD"}
[2026-08-10T23:48:03.649Z] [LOGIC:PARSER] Saving new sequence 18080 {"days":[11,12,13,14],"statusTag":"SKD","credit":"19.56"}
[2026-08-10T23:48:03.939Z] [LOGIC:PARSER] Starting parseHI1Schedule {"textLength":1079}
[2026-08-10T23:48:03.940Z] [LOGIC:PARSER] Extracted vacations from HI1 {"vacationCount":0}
[2026-08-10T23:48:03.940Z] [LOGIC:PARSER] Identified sequence number on line: 21649 {"day":6,"statusTag":"SKD"}
[2026-08-10T23:48:03.940Z] [LOGIC:PARSER] Sequence transition detected from SEQ-8 to 21649 
[2026-08-10T23:48:03.941Z] [LOGIC:PARSER] Saving new sequence SEQ-8 {"days":[8],"statusTag":"SKD","credit":"14.01"}
[2026-08-10T23:48:03.941Z] [LOGIC:PARSER] Saving new sequence 21649 {"days":[6,7,8],"statusTag":"TT","credit":"17.34"}
[2026-08-10T23:48:03.941Z] [LOGIC:PARSER] Identified sequence number on line: 17475 {"day":11,"statusTag":"SKD"}
[2026-08-10T23:48:03.941Z] [LOGIC:PARSER] Identified sequence number on line: 18080 {"day":11,"statusTag":"SKD"}
[2026-08-10T23:48:03.942Z] [LOGIC:PARSER] Sequence transition detected from 17475 to 18080 
[2026-08-10T23:48:03.942Z] [LOGIC:PARSER] Saving new sequence 17475 {"days":[11,12,13,14],"statusTag":"SKD","credit":"18.22"}
[2026-08-10T23:48:03.942Z] [LOGIC:PARSER] Identified sequence number on line: 18080 {"day":11,"statusTag":"SKD"}
[2026-08-10T23:48:03.942Z] [LOGIC:PARSER] Saving new sequence 18080 {"days":[11,12,13,14],"statusTag":"SKD","credit":"19.56"}
[2026-08-10T23:48:03.942Z] [LOGIC:PARSER] Starting parseHI1Schedule {"textLength":1079}
[2026-08-10T23:48:03.943Z] [LOGIC:PARSER] Extracted vacations from HI1 {"vacationCount":0}
[2026-08-10T23:48:03.943Z] [LOGIC:PARSER] Identified sequence number on line: 21649 {"day":6,"statusTag":"SKD"}
[2026-08-10T23:48:03.943Z] [LOGIC:PARSER] Sequence transition detected from SEQ-8 to 21649 
[2026-08-10T23:48:03.943Z] [LOGIC:PARSER] Saving new sequence SEQ-8 {"days":[8],"statusTag":"SKD","credit":"14.01"}
[2026-08-10T23:48:03.943Z] [LOGIC:PARSER] Saving new sequence 21649 {"days":[6,7,8],"statusTag":"TT","credit":"17.34"}
[2026-08-10T23:48:03.944Z] [LOGIC:PARSER] Identified sequence number on line: 17475 {"day":11,"statusTag":"SKD"}
[2026-08-10T23:48:03.944Z] [LOGIC:PARSER] Identified sequence number on line: 18080 {"day":11,"statusTag":"SKD"}
[2026-08-10T23:48:03.944Z] [LOGIC:PARSER] Sequence transition detected from 17475 to 18080 
[2026-08-10T23:48:03.944Z] [LOGIC:PARSER] Saving new sequence 17475 {"days":[11,12,13,14],"statusTag":"SKD","credit":"18.22"}
[2026-08-10T23:48:03.944Z] [LOGIC:PARSER] Identified sequence number on line: 18080 {"day":11,"statusTag":"SKD"}
[2026-08-10T23:48:03.945Z] [LOGIC:PARSER] Saving new sequence 18080 {"days":[11,12,13,14],"statusTag":"SKD","credit":"19.56"}
[2026-08-10T23:48:04.246Z] [LOGIC:PARSER] Starting parseHI1Schedule {"textLength":1135}
[2026-08-10T23:48:04.246Z] [LOGIC:PARSER] Extracted vacations from HI1 {"vacationCount":0}
[2026-08-10T23:48:04.247Z] [LOGIC:PARSER] Saving new sequence SEQ-12 {"days":[12,13,14],"statusTag":"SKD","credit":"15.37"}
[2026-08-10T23:48:04.247Z] [LOGIC:PARSER] Identified sequence number on line: 21514 {"day":15,"statusTag":"SKD"}
[2026-08-10T23:48:04.247Z] [LOGIC:PARSER] Saving new sequence 21514 {"days":[15],"statusTag":"OT","credit":"5.09"}
[2026-08-10T23:48:04.247Z] [LOGIC:PARSER] Identified sequence number on line: 21614 {"day":17,"statusTag":"SKD"}
[2026-08-10T23:48:04.248Z] [LOGIC:PARSER] Saving new sequence 21614 {"days":[17],"statusTag":"SKD","credit":"7.40"}
[2026-08-10T23:48:04.248Z] [LOGIC:PARSER] Identified sequence number on line: 21614 {"day":17,"statusTag":"SKD"}
[2026-08-10T23:48:04.248Z] [LOGIC:PARSER] Identified sequence number on line: 21596 {"day":18,"statusTag":"OT"}
[2026-08-10T23:48:04.248Z] [LOGIC:PARSER] Sequence transition detected from 21614 to 21596 
[2026-08-10T23:48:04.249Z] [LOGIC:PARSER] Merging additional days into sequence 21614 {"addedDays":[17],"credit":"2.58"}
[2026-08-10T23:48:04.249Z] [LOGIC:PARSER] Identified sequence number on line: 17495 {"day":18,"statusTag":"SKD"}
[2026-08-10T23:48:04.249Z] [LOGIC:PARSER] Sequence transition detected from 21596 to 17495 
[2026-08-10T23:48:04.249Z] [LOGIC:PARSER] Saving new sequence 21596 {"days":[18],"statusTag":"SKD","credit":"1.09"}
[2026-08-10T23:48:04.250Z] [LOGIC:PARSER] Saving new sequence 17495 {"days":[18,19,20,21],"statusTag":"SKD","credit":"17.23"}
[2026-08-10T23:48:04.250Z] [LOGIC:PARSER] Starting parseHI1Schedule {"textLength":1135}
[2026-08-10T23:48:04.250Z] [LOGIC:PARSER] Extracted vacations from HI1 {"vacationCount":0}
[2026-08-10T23:48:04.250Z] [LOGIC:PARSER] Saving new sequence SEQ-12 {"days":[12,13,14],"statusTag":"SKD","credit":"15.37"}
[2026-08-10T23:48:04.250Z] [LOGIC:PARSER] Identified sequence number on line: 21514 {"day":15,"statusTag":"SKD"}
[2026-08-10T23:48:04.251Z] [LOGIC:PARSER] Saving new sequence 21514 {"days":[15],"statusTag":"OT","credit":"5.09"}
[2026-08-10T23:48:04.251Z] [LOGIC:PARSER] Identified sequence number on line: 21614 {"day":17,"statusTag":"SKD"}
[2026-08-10T23:48:04.251Z] [LOGIC:PARSER] Saving new sequence 21614 {"days":[17],"statusTag":"SKD","credit":"7.40"}
[2026-08-10T23:48:04.252Z] [LOGIC:PARSER] Identified sequence number on line: 21614 {"day":17,"statusTag":"SKD"}
[2026-08-10T23:48:04.252Z] [LOGIC:PARSER] Identified sequence number on line: 21596 {"day":18,"statusTag":"OT"}
[2026-08-10T23:48:04.252Z] [LOGIC:PARSER] Sequence transition detected from 21614 to 21596 
[2026-08-10T23:48:04.252Z] [LOGIC:PARSER] Merging additional days into sequence 21614 {"addedDays":[17],"credit":"2.58"}
[2026-08-10T23:48:04.252Z] [LOGIC:PARSER] Identified sequence number on line: 17495 {"day":18,"statusTag":"SKD"}
[2026-08-10T23:48:04.253Z] [LOGIC:PARSER] Sequence transition detected from 21596 to 17495 
[2026-08-10T23:48:04.253Z] [LOGIC:PARSER] Saving new sequence 21596 {"days":[18],"statusTag":"SKD","credit":"1.09"}
[2026-08-10T23:48:04.253Z] [LOGIC:PARSER] Saving new sequence 17495 {"days":[18,19,20,21],"statusTag":"SKD","credit":"17.23"}
[2026-08-10T23:48:04.536Z] [LOGIC:PARSER] Starting parseHI1Schedule {"textLength":1138}
[2026-08-10T23:48:04.536Z] [LOGIC:PARSER] Extracted vacations from HI1 {"vacationCount":0}
[2026-08-10T23:48:04.537Z] [LOGIC:PARSER] Saving new sequence SEQ-12 {"days":[12,13,14],"statusTag":"SKD","credit":"15.37"}
[2026-08-10T23:48:04.537Z] [LOGIC:PARSER] Identified sequence number on line: 21514 {"day":15,"statusTag":"SKD"}
[2026-08-10T23:48:04.537Z] [LOGIC:PARSER] Saving new sequence 21514 {"days":[15],"statusTag":"OT","credit":"5.09"}
[2026-08-10T23:48:04.537Z] [LOGIC:PARSER] Identified sequence number on line: 21614 {"day":17,"statusTag":"SKD"}
[2026-08-10T23:48:04.538Z] [LOGIC:PARSER] Saving new sequence 21614 {"days":[17],"statusTag":"SKD","credit":"7.40"}
[2026-08-10T23:48:04.538Z] [LOGIC:PARSER] Identified sequence number on line: 21614 {"day":17,"statusTag":"SKD"}
[2026-08-10T23:48:04.538Z] [LOGIC:PARSER] Identified sequence number on line: 21596 {"day":18,"statusTag":"OT"}
[2026-08-10T23:48:04.538Z] [LOGIC:PARSER] Sequence transition detected from 21614 to 21596 
[2026-08-10T23:48:04.538Z] [LOGIC:PARSER] Merging additional days into sequence 21614 {"addedDays":[17],"credit":"2.58"}
[2026-08-10T23:48:04.539Z] [LOGIC:PARSER] Identified sequence number on line: 17495 {"day":18,"statusTag":"SKD"}
[2026-08-10T23:48:04.539Z] [LOGIC:PARSER] Sequence transition detected from 21596 to 17495 
[2026-08-10T23:48:04.539Z] [LOGIC:PARSER] Saving new sequence 21596 {"days":[18],"statusTag":"SKD","credit":"1.09"}
[2026-08-10T23:48:04.539Z] [LOGIC:PARSER] Saving new sequence 17495 {"days":[18,19,20,21],"statusTag":"SKD","credit":"17.23"}
[2026-08-10T23:48:04.540Z] [LOGIC:PARSER] Starting parseHI1Schedule {"textLength":1138}
[2026-08-10T23:48:04.540Z] [LOGIC:PARSER] Extracted vacations from HI1 {"vacationCount":0}
[2026-08-10T23:48:04.540Z] [LOGIC:PARSER] Saving new sequence SEQ-12 {"days":[12,13,14],"statusTag":"SKD","credit":"15.37"}
[2026-08-10T23:48:04.540Z] [LOGIC:PARSER] Identified sequence number on line: 21514 {"day":15,"statusTag":"SKD"}
[2026-08-10T23:48:04.540Z] [LOGIC:PARSER] Saving new sequence 21514 {"days":[15],"statusTag":"OT","credit":"5.09"}
[2026-08-10T23:48:04.541Z] [LOGIC:PARSER] Identified sequence number on line: 21614 {"day":17,"statusTag":"SKD"}
[2026-08-10T23:48:04.541Z] [LOGIC:PARSER] Saving new sequence 21614 {"days":[17],"statusTag":"SKD","credit":"7.40"}
[2026-08-10T23:48:04.541Z] [LOGIC:PARSER] Identified sequence number on line: 21614 {"day":17,"statusTag":"SKD"}
[2026-08-10T23:48:04.541Z] [LOGIC:PARSER] Identified sequence number on line: 21596 {"day":18,"statusTag":"OT"}
[2026-08-10T23:48:04.541Z] [LOGIC:PARSER] Sequence transition detected from 21614 to 21596 
[2026-08-10T23:48:04.542Z] [LOGIC:PARSER] Merging additional days into sequence 21614 {"addedDays":[17],"credit":"2.58"}
[2026-08-10T23:48:04.542Z] [LOGIC:PARSER] Identified sequence number on line: 17495 {"day":18,"statusTag":"SKD"}
[2026-08-10T23:48:04.542Z] [LOGIC:PARSER] Sequence transition detected from 21596 to 17495 
[2026-08-10T23:48:04.542Z] [LOGIC:PARSER] Saving new sequence 21596 {"days":[18],"statusTag":"SKD","credit":"1.09"}
[2026-08-10T23:48:04.543Z] [LOGIC:PARSER] Saving new sequence 17495 {"days":[18,19,20,21],"statusTag":"SKD","credit":"17.23"}
[2026-08-10T23:48:04.836Z] [LOGIC:PARSER] Starting parseHI1Schedule {"textLength":1089}
[2026-08-10T23:48:04.836Z] [LOGIC:PARSER] Extracted vacations from HI1 {"vacationCount":0}
[2026-08-10T23:48:04.837Z] [LOGIC:PARSER] Identified sequence number on line: 17495 {"day":18,"statusTag":"SKD"}
[2026-08-10T23:48:04.837Z] [LOGIC:PARSER] Saving new sequence 17495 {"days":[18,19,20,21],"statusTag":"SKD","credit":"19.54"}
[2026-08-10T23:48:04.837Z] [LOGIC:PARSER] Identified sequence number on line: 21566 {"day":23,"statusTag":"SKD"}
[2026-08-10T23:48:04.838Z] [LOGIC:PARSER] Saving new sequence 21566 {"days":[23],"statusTag":"OT","credit":"3.58"}
[2026-08-10T23:48:04.838Z] [LOGIC:PARSER] Identified sequence number on line: 17333 {"day":24,"statusTag":"SKD"}
[2026-08-10T23:48:04.838Z] [LOGIC:PARSER] Identified sequence number on line: 17333 {"day":24,"statusTag":"SKD"}
[2026-08-10T23:48:04.838Z] [LOGIC:PARSER] Saving new sequence 17333 {"days":[24,25,26],"statusTag":"SKD","credit":"3.44"}
[2026-08-10T23:48:04.838Z] [LOGIC:PARSER] Starting parseHI1Schedule {"textLength":1089}
[2026-08-10T23:48:04.839Z] [LOGIC:PARSER] Extracted vacations from HI1 {"vacationCount":0}
[2026-08-10T23:48:04.839Z] [LOGIC:PARSER] Identified sequence number on line: 17495 {"day":18,"statusTag":"SKD"}
[2026-08-10T23:48:04.839Z] [LOGIC:PARSER] Saving new sequence 17495 {"days":[18,19,20,21],"statusTag":"SKD","credit":"19.54"}
[2026-08-10T23:48:04.839Z] [LOGIC:PARSER] Identified sequence number on line: 21566 {"day":23,"statusTag":"SKD"}
[2026-08-10T23:48:04.839Z] [LOGIC:PARSER] Saving new sequence 21566 {"days":[23],"statusTag":"OT","credit":"3.58"}
[2026-08-10T23:48:04.840Z] [LOGIC:PARSER] Identified sequence number on line: 17333 {"day":24,"statusTag":"SKD"}
[2026-08-10T23:48:04.840Z] [LOGIC:PARSER] Identified sequence number on line: 17333 {"day":24,"statusTag":"SKD"}
[2026-08-10T23:48:04.840Z] [LOGIC:PARSER] Saving new sequence 17333 {"days":[24,25,26],"statusTag":"SKD","credit":"3.44"}
[2026-08-10T23:48:05.141Z] [LOGIC:PARSER] Starting parseHI1Schedule {"textLength":1092}
[2026-08-10T23:48:05.141Z] [LOGIC:PARSER] Extracted vacations from HI1 {"vacationCount":0}
[2026-08-10T23:48:05.141Z] [LOGIC:PARSER] Identified sequence number on line: 17495 {"day":18,"statusTag":"SKD"}
[2026-08-10T23:48:05.142Z] [LOGIC:PARSER] Saving new sequence 17495 {"days":[18,19,20,21],"statusTag":"SKD","credit":"19.54"}
[2026-08-10T23:48:05.142Z] [LOGIC:PARSER] Identified sequence number on line: 21566 {"day":23,"statusTag":"SKD"}
[2026-08-10T23:48:05.142Z] [LOGIC:PARSER] Saving new sequence 21566 {"days":[23],"statusTag":"OT","credit":"3.58"}
[2026-08-10T23:48:05.142Z] [LOGIC:PARSER] Identified sequence number on line: 17333 {"day":24,"statusTag":"SKD"}
[2026-08-10T23:48:05.143Z] [LOGIC:PARSER] Identified sequence number on line: 17333 {"day":24,"statusTag":"SKD"}
[2026-08-10T23:48:05.143Z] [LOGIC:PARSER] Saving new sequence 17333 {"days":[24,25,26],"statusTag":"SKD","credit":"3.44"}
[2026-08-10T23:48:05.143Z] [LOGIC:PARSER] Starting parseHI1Schedule {"textLength":1092}
[2026-08-10T23:48:05.143Z] [LOGIC:PARSER] Extracted vacations from HI1 {"vacationCount":0}
[2026-08-10T23:48:05.144Z] [LOGIC:PARSER] Identified sequence number on line: 17495 {"day":18,"statusTag":"SKD"}
[2026-08-10T23:48:05.144Z] [LOGIC:PARSER] Saving new sequence 17495 {"days":[18,19,20,21],"statusTag":"SKD","credit":"19.54"}
[2026-08-10T23:48:05.144Z] [LOGIC:PARSER] Identified sequence number on line: 21566 {"day":23,"statusTag":"SKD"}
[2026-08-10T23:48:05.144Z] [LOGIC:PARSER] Saving new sequence 21566 {"days":[23],"statusTag":"OT","credit":"3.58"}
[2026-08-10T23:48:05.145Z] [LOGIC:PARSER] Identified sequence number on line: 17333 {"day":24,"statusTag":"SKD"}
[2026-08-10T23:48:05.145Z] [LOGIC:PARSER] Identified sequence number on line: 17333 {"day":24,"statusTag":"SKD"}
[2026-08-10T23:48:05.145Z] [LOGIC:PARSER] Saving new sequence 17333 {"days":[24,25,26],"statusTag":"SKD","credit":"3.44"}
[2026-08-10T23:48:05.418Z] [LOGIC:PARSER] Starting parseHI1Schedule {"textLength":5281}
[2026-08-10T23:48:05.418Z] [LOGIC:PARSER] Extracted vacations from HI1 {"vacationCount":0}
[2026-08-10T23:48:05.418Z] [LOGIC:PARSER] Identified sequence number on line: 17352 {"day":6,"statusTag":"SKD"}
[2026-08-10T23:48:05.418Z] [LOGIC:PARSER] Identified sequence number on line: 21649 {"day":6,"statusTag":"TT"}
[2026-08-10T23:48:05.419Z] [LOGIC:PARSER] Sequence transition detected from 17352 to 21649 
[2026-08-10T23:48:05.419Z] [LOGIC:PARSER] Saving new sequence 17352 {"days":[6,7,8],"statusTag":"TT","credit":"14.01"}
[2026-08-10T23:48:05.419Z] [LOGIC:PARSER] Saving new sequence 21649 {"days":[6,7,8],"statusTag":"TT","credit":"17.34"}
[2026-08-10T23:48:05.419Z] [LOGIC:PARSER] Identified sequence number on line: 17475 {"day":11,"statusTag":"SKD"}
[2026-08-10T23:48:05.420Z] [LOGIC:PARSER] Identified sequence number on line: 18080 {"day":11,"statusTag":"SKD"}
[2026-08-10T23:48:05.420Z] [LOGIC:PARSER] Sequence transition detected from 17475 to 18080 
[2026-08-10T23:48:05.420Z] [LOGIC:PARSER] Saving new sequence 17475 {"days":[11,12,13,14],"statusTag":"SKD","credit":"18.22"}
[2026-08-10T23:48:05.420Z] [LOGIC:PARSER] Identified sequence number on line: 18080 {"day":11,"statusTag":"SKD"}
[2026-08-10T23:48:05.420Z] [LOGIC:PARSER] Saving new sequence 18080 {"days":[11,12,13,14],"statusTag":"SKD","credit":"15.37"}
[2026-08-10T23:48:05.421Z] [LOGIC:PARSER] Identified sequence number on line: 21514 {"day":15,"statusTag":"SKD"}
[2026-08-10T23:48:05.421Z] [LOGIC:PARSER] Saving new sequence 21514 {"days":[15],"statusTag":"OT","credit":"5.09"}
[2026-08-10T23:48:05.421Z] [LOGIC:PARSER] Identified sequence number on line: 21614 {"day":17,"statusTag":"SKD"}
[2026-08-10T23:48:05.421Z] [LOGIC:PARSER] Saving new sequence 21614 {"days":[17],"statusTag":"SKD","credit":"7.40"}
[2026-08-10T23:48:05.421Z] [LOGIC:PARSER] Identified sequence number on line: 21614 {"day":17,"statusTag":"SKD"}
[2026-08-10T23:48:05.422Z] [LOGIC:PARSER] Identified sequence number on line: 21596 {"day":18,"statusTag":"OT"}
[2026-08-10T23:48:05.422Z] [LOGIC:PARSER] Sequence transition detected from 21614 to 21596 
[2026-08-10T23:48:05.422Z] [LOGIC:PARSER] Merging additional days into sequence 21614 {"addedDays":[17],"credit":"2.58"}
[2026-08-10T23:48:05.423Z] [LOGIC:PARSER] Identified sequence number on line: 17495 {"day":18,"statusTag":"SKD"}
[2026-08-10T23:48:05.423Z] [LOGIC:PARSER] Sequence transition detected from 21596 to 17495 
[2026-08-10T23:48:05.423Z] [LOGIC:PARSER] Saving new sequence 21596 {"days":[18],"statusTag":"SKD","credit":"1.09"}
[2026-08-10T23:48:05.423Z] [LOGIC:PARSER] Identified sequence number on line: 17495 {"day":18,"statusTag":"SKD"}
[2026-08-10T23:48:05.423Z] [LOGIC:PARSER] Saving new sequence 17495 {"days":[18,19,20,21],"statusTag":"SKD","credit":"19.54"}
[2026-08-10T23:48:05.424Z] [LOGIC:PARSER] Identified sequence number on line: 21566 {"day":23,"statusTag":"SKD"}
[2026-08-10T23:48:05.424Z] [LOGIC:PARSER] Saving new sequence 21566 {"days":[23],"statusTag":"OT","credit":"3.58"}
[2026-08-10T23:48:05.424Z] [LOGIC:PARSER] Identified sequence number on line: 17333 {"day":24,"statusTag":"SKD"}
[2026-08-10T23:48:05.424Z] [LOGIC:PARSER] Identified sequence number on line: 17333 {"day":24,"statusTag":"SKD"}
[2026-08-10T23:48:05.425Z] [LOGIC:PARSER] Saving new sequence 17333 {"days":[24,25,26],"statusTag":"SKD","credit":"14.52"}
[2026-08-10T23:48:05.425Z] [LOGIC:PARSER] Identified sequence number on line: 17894 {"day":27,"statusTag":"SKD"}
[2026-08-10T23:48:05.425Z] [LOGIC:PARSER] Identified sequence number on line: 17894 {"day":27,"statusTag":"SKD"}
[2026-08-10T23:48:05.425Z] [LOGIC:PARSER] Saving new sequence 17894 {"days":[27,28],"statusTag":"SKD","credit":"6.20"}
[2026-08-10T23:48:05.425Z] [LOGIC:PARSER] Identified sequence number on line: 17270 {"day":30,"statusTag":"SKD"}
[2026-08-10T23:48:05.425Z] [LOGIC:PARSER] Saving new sequence 17270 {"days":[30,31],"statusTag":"SKD","credit":"9.25"}
[2026-08-10T23:48:05.491Z] [LOGIC:PARSER] Starting parseHI1Schedule {"textLength":1028}
[2026-08-10T23:48:05.492Z] [LOGIC:PARSER] Extracted vacations from HI1 {"vacationCount":0}
[2026-08-10T23:48:05.492Z] [LOGIC:PARSER] Saving new sequence SEQ-25 {"days":[25,26],"statusTag":"SKD","credit":"14.52"}
[2026-08-10T23:48:05.492Z] [LOGIC:PARSER] Identified sequence number on line: 17894 {"day":27,"statusTag":"SKD"}
[2026-08-10T23:48:05.492Z] [LOGIC:PARSER] Identified sequence number on line: 17894 {"day":27,"statusTag":"SKD"}
[2026-08-10T23:48:05.493Z] [LOGIC:PARSER] Saving new sequence 17894 {"days":[27,28],"statusTag":"SKD","credit":"6.20"}
[2026-08-10T23:48:05.493Z] [LOGIC:PARSER] Identified sequence number on line: 17270 {"day":30,"statusTag":"SKD"}
[2026-08-10T23:48:05.493Z] [LOGIC:PARSER] Saving new sequence 17270 {"days":[30,31],"statusTag":"SKD","credit":"9.25"}
[2026-08-10T23:48:05.493Z] [LOGIC:PARSER] Starting parseHI1Schedule {"textLength":1028}
[2026-08-10T23:48:05.494Z] [LOGIC:PARSER] Extracted vacations from HI1 {"vacationCount":0}
[2026-08-10T23:48:05.494Z] [LOGIC:PARSER] Saving new sequence SEQ-25 {"days":[25,26],"statusTag":"SKD","credit":"14.52"}
[2026-08-10T23:48:05.494Z] [LOGIC:PARSER] Identified sequence number on line: 17894 {"day":27,"statusTag":"SKD"}
[2026-08-10T23:48:05.494Z] [LOGIC:PARSER] Identified sequence number on line: 17894 {"day":27,"statusTag":"SKD"}
[2026-08-10T23:48:05.494Z] [LOGIC:PARSER] Saving new sequence 17894 {"days":[27,28],"statusTag":"SKD","credit":"6.20"}
[2026-08-10T23:48:05.495Z] [LOGIC:PARSER] Identified sequence number on line: 17270 {"day":30,"statusTag":"SKD"}
[2026-08-10T23:48:05.495Z] [LOGIC:PARSER] Saving new sequence 17270 {"days":[30,31],"statusTag":"SKD","credit":"9.25"}
[2026-08-10T23:48:12.336Z] [LOGIC:PARSER] Starting parseHI1Schedule {"textLength":1032}
[2026-08-10T23:48:12.337Z] [LOGIC:PARSER] Extracted vacations from HI1 {"vacationCount":0}
[2026-08-10T23:48:12.337Z] [LOGIC:PARSER] Saving new sequence SEQ-25 {"days":[25,26],"statusTag":"SKD","credit":"14.52"}
[2026-08-10T23:48:12.337Z] [LOGIC:PARSER] Identified sequence number on line: 17894 {"day":27,"statusTag":"SKD"}
[2026-08-10T23:48:12.337Z] [LOGIC:PARSER] Identified sequence number on line: 17894 {"day":27,"statusTag":"SKD"}
[2026-08-10T23:48:12.338Z] [LOGIC:PARSER] Saving new sequence 17894 {"days":[27,28],"statusTag":"SKD","credit":"6.20"}
[2026-08-10T23:48:12.338Z] [LOGIC:PARSER] Identified sequence number on line: 17270 {"day":30,"statusTag":"SKD"}
[2026-08-10T23:48:12.338Z] [LOGIC:PARSER] Saving new sequence 17270 {"days":[30,31],"statusTag":"SKD","credit":"9.25"}
[2026-08-10T23:48:12.339Z] [LOGIC:PARSER] Starting parseHI1Schedule {"textLength":1032}
[2026-08-10T23:48:12.339Z] [LOGIC:PARSER] Extracted vacations from HI1 {"vacationCount":0}
[2026-08-10T23:48:12.339Z] [LOGIC:PARSER] Saving new sequence SEQ-25 {"days":[25,26],"statusTag":"SKD","credit":"14.52"}
[2026-08-10T23:48:12.339Z] [LOGIC:PARSER] Identified sequence number on line: 17894 {"day":27,"statusTag":"SKD"}
[2026-08-10T23:48:12.339Z] [LOGIC:PARSER] Identified sequence number on line: 17894 {"day":27,"statusTag":"SKD"}
[2026-08-10T23:48:12.340Z] [LOGIC:PARSER] Saving new sequence 17894 {"days":[27,28],"statusTag":"SKD","credit":"6.20"}
[2026-08-10T23:48:12.340Z] [LOGIC:PARSER] Identified sequence number on line: 17270 {"day":30,"statusTag":"SKD"}
[2026-08-10T23:48:12.340Z] [LOGIC:PARSER] Saving new sequence 17270 {"days":[30,31],"statusTag":"SKD","credit":"9.25"}
[2026-08-10T23:48:12.640Z] [LOGIC:PARSER] Starting parseHI1Schedule {"textLength":949}
[2026-08-10T23:48:12.640Z] [LOGIC:PARSER] Extracted vacations from HI1 {"vacationCount":0}
[2026-08-10T23:48:12.640Z] [LOGIC:PARSER] Identified sequence number on line: 17352 {"day":6,"statusTag":"SKD"}
[2026-08-10T23:48:12.641Z] [LOGIC:PARSER] Saving new sequence 17352 {"days":[6,7],"statusTag":"TT","credit":"4.39"}
[2026-08-10T23:48:12.641Z] [LOGIC:PARSER] Starting parseHI1Schedule {"textLength":949}
[2026-08-10T23:48:12.641Z] [LOGIC:PARSER] Extracted vacations from HI1 {"vacationCount":0}
[2026-08-10T23:48:12.642Z] [LOGIC:PARSER] Identified sequence number on line: 17352 {"day":6,"statusTag":"SKD"}
[2026-08-10T23:48:12.642Z] [LOGIC:PARSER] Saving new sequence 17352 {"days":[6,7],"statusTag":"TT","credit":"4.39"}
[2026-08-10T23:48:14.135Z] [LOGIC:PARSER] Starting parseHI1Schedule {"textLength":952}
[2026-08-10T23:48:14.136Z] [LOGIC:PARSER] Extracted vacations from HI1 {"vacationCount":0}
[2026-08-10T23:48:14.136Z] [LOGIC:PARSER] Identified sequence number on line: 17352 {"day":6,"statusTag":"SKD"}
[2026-08-10T23:48:14.136Z] [LOGIC:PARSER] Saving new sequence 17352 {"days":[6,7],"statusTag":"TT","credit":"4.39"}
[2026-08-10T23:48:14.137Z] [LOGIC:PARSER] Starting parseHI1Schedule {"textLength":952}
[2026-08-10T23:48:14.137Z] [LOGIC:PARSER] Extracted vacations from HI1 {"vacationCount":0}
[2026-08-10T23:48:14.137Z] [LOGIC:PARSER] Identified sequence number on line: 17352 {"day":6,"statusTag":"SKD"}
[2026-08-10T23:48:14.137Z] [LOGIC:PARSER] Saving new sequence 17352 {"days":[6,7],"statusTag":"TT","credit":"4.39"}
[2026-08-10T23:48:14.435Z] [LOGIC:PARSER] Starting parseHI1Schedule {"textLength":1076}
[2026-08-10T23:48:14.435Z] [LOGIC:PARSER] Extracted vacations from HI1 {"vacationCount":0}
[2026-08-10T23:48:14.436Z] [LOGIC:PARSER] Identified sequence number on line: 21649 {"day":6,"statusTag":"SKD"}
[2026-08-10T23:48:14.436Z] [LOGIC:PARSER] Sequence transition detected from SEQ-8 to 21649 
[2026-08-10T23:48:14.436Z] [LOGIC:PARSER] Saving new sequence SEQ-8 {"days":[8],"statusTag":"SKD","credit":"14.01"}
[2026-08-10T23:48:14.436Z] [LOGIC:PARSER] Saving new sequence 21649 {"days":[6,7,8],"statusTag":"TT","credit":"17.34"}
[2026-08-10T23:48:14.437Z] [LOGIC:PARSER] Identified sequence number on line: 17475 {"day":11,"statusTag":"SKD"}
[2026-08-10T23:48:14.437Z] [LOGIC:PARSER] Identified sequence number on line: 18080 {"day":11,"statusTag":"SKD"}
[2026-08-10T23:48:14.437Z] [LOGIC:PARSER] Sequence transition detected from 17475 to 18080 
[2026-08-10T23:48:14.437Z] [LOGIC:PARSER] Saving new sequence 17475 {"days":[11,12,13,14],"statusTag":"SKD","credit":"18.22"}
[2026-08-10T23:48:14.437Z] [LOGIC:PARSER] Identified sequence number on line: 18080 {"day":11,"statusTag":"SKD"}
[2026-08-10T23:48:14.438Z] [LOGIC:PARSER] Saving new sequence 18080 {"days":[11,12,13,14],"statusTag":"SKD","credit":"19.56"}
[2026-08-10T23:48:14.438Z] [LOGIC:PARSER] Starting parseHI1Schedule {"textLength":1076}
[2026-08-10T23:48:14.438Z] [LOGIC:PARSER] Extracted vacations from HI1 {"vacationCount":0}
[2026-08-10T23:48:14.438Z] [LOGIC:PARSER] Identified sequence number on line: 21649 {"day":6,"statusTag":"SKD"}
[2026-08-10T23:48:14.438Z] [LOGIC:PARSER] Sequence transition detected from SEQ-8 to 21649 
[2026-08-10T23:48:14.439Z] [LOGIC:PARSER] Saving new sequence SEQ-8 {"days":[8],"statusTag":"SKD","credit":"14.01"}
[2026-08-10T23:48:14.439Z] [LOGIC:PARSER] Saving new sequence 21649 {"days":[6,7,8],"statusTag":"TT","credit":"17.34"}
[2026-08-10T23:48:14.439Z] [LOGIC:PARSER] Identified sequence number on line: 17475 {"day":11,"statusTag":"SKD"}
[2026-08-10T23:48:14.440Z] [LOGIC:PARSER] Identified sequence number on line: 18080 {"day":11,"statusTag":"SKD"}
[2026-08-10T23:48:14.440Z] [LOGIC:PARSER] Sequence transition detected from 17475 to 18080 
[2026-08-10T23:48:14.440Z] [LOGIC:PARSER] Saving new sequence 17475 {"days":[11,12,13,14],"statusTag":"SKD","credit":"18.22"}
[2026-08-10T23:48:14.440Z] [LOGIC:PARSER] Identified sequence number on line: 18080 {"day":11,"statusTag":"SKD"}
[2026-08-10T23:48:14.441Z] [LOGIC:PARSER] Saving new sequence 18080 {"days":[11,12,13,14],"statusTag":"SKD","credit":"19.56"}
[2026-08-10T23:48:14.735Z] [LOGIC:PARSER] Starting parseHI1Schedule {"textLength":1079}
[2026-08-10T23:48:14.735Z] [LOGIC:PARSER] Extracted vacations from HI1 {"vacationCount":0}
[2026-08-10T23:48:14.736Z] [LOGIC:PARSER] Identified sequence number on line: 21649 {"day":6,"statusTag":"SKD"}
[2026-08-10T23:48:14.736Z] [LOGIC:PARSER] Sequence transition detected from SEQ-8 to 21649 
[2026-08-10T23:48:14.736Z] [LOGIC:PARSER] Saving new sequence SEQ-8 {"days":[8],"statusTag":"SKD","credit":"14.01"}
[2026-08-10T23:48:14.737Z] [LOGIC:PARSER] Saving new sequence 21649 {"days":[6,7,8],"statusTag":"TT","credit":"17.34"}
[2026-08-10T23:48:14.737Z] [LOGIC:PARSER] Identified sequence number on line: 17475 {"day":11,"statusTag":"SKD"}
[2026-08-10T23:48:14.737Z] [LOGIC:PARSER] Identified sequence number on line: 18080 {"day":11,"statusTag":"SKD"}
[2026-08-10T23:48:14.737Z] [LOGIC:PARSER] Sequence transition detected from 17475 to 18080 
[2026-08-10T23:48:14.737Z] [LOGIC:PARSER] Saving new sequence 17475 {"days":[11,12,13,14],"statusTag":"SKD","credit":"18.22"}
[2026-08-10T23:48:14.738Z] [LOGIC:PARSER] Identified sequence number on line: 18080 {"day":11,"statusTag":"SKD"}
[2026-08-10T23:48:14.738Z] [LOGIC:PARSER] Saving new sequence 18080 {"days":[11,12,13,14],"statusTag":"SKD","credit":"19.56"}
[2026-08-10T23:48:14.738Z] [LOGIC:PARSER] Starting parseHI1Schedule {"textLength":1079}
[2026-08-10T23:48:14.738Z] [LOGIC:PARSER] Extracted vacations from HI1 {"vacationCount":0}
[2026-08-10T23:48:14.739Z] [LOGIC:PARSER] Identified sequence number on line: 21649 {"day":6,"statusTag":"SKD"}
[2026-08-10T23:48:14.739Z] [LOGIC:PARSER] Sequence transition detected from SEQ-8 to 21649 
[2026-08-10T23:48:14.739Z] [LOGIC:PARSER] Saving new sequence SEQ-8 {"days":[8],"statusTag":"SKD","credit":"14.01"}
[2026-08-10T23:48:14.739Z] [LOGIC:PARSER] Saving new sequence 21649 {"days":[6,7,8],"statusTag":"TT","credit":"17.34"}
[2026-08-10T23:48:14.739Z] [LOGIC:PARSER] Identified sequence number on line: 17475 {"day":11,"statusTag":"SKD"}
[2026-08-10T23:48:14.740Z] [LOGIC:PARSER] Identified sequence number on line: 18080 {"day":11,"statusTag":"SKD"}
[2026-08-10T23:48:14.740Z] [LOGIC:PARSER] Sequence transition detected from 17475 to 18080 
[2026-08-10T23:48:14.740Z] [LOGIC:PARSER] Saving new sequence 17475 {"days":[11,12,13,14],"statusTag":"SKD","credit":"18.22"}
[2026-08-10T23:48:14.740Z] [LOGIC:PARSER] Identified sequence number on line: 18080 {"day":11,"statusTag":"SKD"}
[2026-08-10T23:48:14.740Z] [LOGIC:PARSER] Saving new sequence 18080 {"days":[11,12,13,14],"statusTag":"SKD","credit":"19.56"}
[2026-08-10T23:48:15.040Z] [LOGIC:PARSER] Starting parseHI1Schedule {"textLength":1135}
[2026-08-10T23:48:15.040Z] [LOGIC:PARSER] Extracted vacations from HI1 {"vacationCount":0}
[2026-08-10T23:48:15.040Z] [LOGIC:PARSER] Saving new sequence SEQ-12 {"days":[12,13,14],"statusTag":"SKD","credit":"15.37"}
[2026-08-10T23:48:15.041Z] [LOGIC:PARSER] Identified sequence number on line: 21514 {"day":15,"statusTag":"SKD"}
[2026-08-10T23:48:15.041Z] [LOGIC:PARSER] Saving new sequence 21514 {"days":[15],"statusTag":"OT","credit":"5.09"}
[2026-08-10T23:48:15.041Z] [LOGIC:PARSER] Identified sequence number on line: 21614 {"day":17,"statusTag":"SKD"}
[2026-08-10T23:48:15.042Z] [LOGIC:PARSER] Saving new sequence 21614 {"days":[17],"statusTag":"SKD","credit":"7.40"}
[2026-08-10T23:48:15.042Z] [LOGIC:PARSER] Identified sequence number on line: 21614 {"day":17,"statusTag":"SKD"}
[2026-08-10T23:48:15.042Z] [LOGIC:PARSER] Identified sequence number on line: 21596 {"day":18,"statusTag":"OT"}
[2026-08-10T23:48:15.042Z] [LOGIC:PARSER] Sequence transition detected from 21614 to 21596 
[2026-08-10T23:48:15.043Z] [LOGIC:PARSER] Merging additional days into sequence 21614 {"addedDays":[17],"credit":"2.58"}
[2026-08-10T23:48:15.043Z] [LOGIC:PARSER] Identified sequence number on line: 17495 {"day":18,"statusTag":"SKD"}
[2026-08-10T23:48:15.043Z] [LOGIC:PARSER] Sequence transition detected from 21596 to 17495 
[2026-08-10T23:48:15.044Z] [LOGIC:PARSER] Saving new sequence 21596 {"days":[18],"statusTag":"SKD","credit":"1.09"}
[2026-08-10T23:48:15.044Z] [LOGIC:PARSER] Saving new sequence 17495 {"days":[18,19,20,21],"statusTag":"SKD","credit":"17.23"}
[2026-08-10T23:48:15.044Z] [LOGIC:PARSER] Starting parseHI1Schedule {"textLength":1135}
[2026-08-10T23:48:15.044Z] [LOGIC:PARSER] Extracted vacations from HI1 {"vacationCount":0}
[2026-08-10T23:48:15.044Z] [LOGIC:PARSER] Saving new sequence SEQ-12 {"days":[12,13,14],"statusTag":"SKD","credit":"15.37"}
[2026-08-10T23:48:15.045Z] [LOGIC:PARSER] Identified sequence number on line: 21514 {"day":15,"statusTag":"SKD"}
[2026-08-10T23:48:15.045Z] [LOGIC:PARSER] Saving new sequence 21514 {"days":[15],"statusTag":"OT","credit":"5.09"}
[2026-08-10T23:48:15.045Z] [LOGIC:PARSER] Identified sequence number on line: 21614 {"day":17,"statusTag":"SKD"}
[2026-08-10T23:48:15.045Z] [LOGIC:PARSER] Saving new sequence 21614 {"days":[17],"statusTag":"SKD","credit":"7.40"}
[2026-08-10T23:48:15.046Z] [LOGIC:PARSER] Identified sequence number on line: 21614 {"day":17,"statusTag":"SKD"}
[2026-08-10T23:48:15.046Z] [LOGIC:PARSER] Identified sequence number on line: 21596 {"day":18,"statusTag":"OT"}
[2026-08-10T23:48:15.046Z] [LOGIC:PARSER] Sequence transition detected from 21614 to 21596 
[2026-08-10T23:48:15.046Z] [LOGIC:PARSER] Merging additional days into sequence 21614 {"addedDays":[17],"credit":"2.58"}
[2026-08-10T23:48:15.046Z] [LOGIC:PARSER] Identified sequence number on line: 17495 {"day":18,"statusTag":"SKD"}
[2026-08-10T23:48:15.046Z] [LOGIC:PARSER] Sequence transition detected from 21596 to 17495 
[2026-08-10T23:48:15.047Z] [LOGIC:PARSER] Saving new sequence 21596 {"days":[18],"statusTag":"SKD","credit":"1.09"}
[2026-08-10T23:48:15.047Z] [LOGIC:PARSER] Saving new sequence 17495 {"days":[18,19,20,21],"statusTag":"SKD","credit":"17.23"}
[2026-08-10T23:48:15.333Z] [LOGIC:PARSER] Starting parseHI1Schedule {"textLength":1138}
[2026-08-10T23:48:15.334Z] [LOGIC:PARSER] Extracted vacations from HI1 {"vacationCount":0}
[2026-08-10T23:48:15.334Z] [LOGIC:PARSER] Saving new sequence SEQ-12 {"days":[12,13,14],"statusTag":"SKD","credit":"15.37"}
[2026-08-10T23:48:15.334Z] [LOGIC:PARSER] Identified sequence number on line: 21514 {"day":15,"statusTag":"SKD"}
[2026-08-10T23:48:15.334Z] [LOGIC:PARSER] Saving new sequence 21514 {"days":[15],"statusTag":"OT","credit":"5.09"}
[2026-08-10T23:48:15.335Z] [LOGIC:PARSER] Identified sequence number on line: 21614 {"day":17,"statusTag":"SKD"}
[2026-08-10T23:48:15.335Z] [LOGIC:PARSER] Saving new sequence 21614 {"days":[17],"statusTag":"SKD","credit":"7.40"}
[2026-08-10T23:48:15.335Z] [LOGIC:PARSER] Identified sequence number on line: 21614 {"day":17,"statusTag":"SKD"}
[2026-08-10T23:48:15.335Z] [LOGIC:PARSER] Identified sequence number on line: 21596 {"day":18,"statusTag":"OT"}
[2026-08-10T23:48:15.336Z] [LOGIC:PARSER] Sequence transition detected from 21614 to 21596 
[2026-08-10T23:48:15.336Z] [LOGIC:PARSER] Merging additional days into sequence 21614 {"addedDays":[17],"credit":"2.58"}
[2026-08-10T23:48:15.336Z] [LOGIC:PARSER] Identified sequence number on line: 17495 {"day":18,"statusTag":"SKD"}
[2026-08-10T23:48:15.336Z] [LOGIC:PARSER] Sequence transition detected from 21596 to 17495 
[2026-08-10T23:48:15.337Z] [LOGIC:PARSER] Saving new sequence 21596 {"days":[18],"statusTag":"SKD","credit":"1.09"}
[2026-08-10T23:48:15.337Z] [LOGIC:PARSER] Saving new sequence 17495 {"days":[18,19,20,21],"statusTag":"SKD","credit":"17.23"}
[2026-08-10T23:48:15.337Z] [LOGIC:PARSER] Starting parseHI1Schedule {"textLength":1138}
[2026-08-10T23:48:15.337Z] [LOGIC:PARSER] Extracted vacations from HI1 {"vacationCount":0}
[2026-08-10T23:48:15.338Z] [LOGIC:PARSER] Saving new sequence SEQ-12 {"days":[12,13,14],"statusTag":"SKD","credit":"15.37"}
[2026-08-10T23:48:15.338Z] [LOGIC:PARSER] Identified sequence number on line: 21514 {"day":15,"statusTag":"SKD"}
[2026-08-10T23:48:15.338Z] [LOGIC:PARSER] Saving new sequence 21514 {"days":[15],"statusTag":"OT","credit":"5.09"}
[2026-08-10T23:48:15.338Z] [LOGIC:PARSER] Identified sequence number on line: 21614 {"day":17,"statusTag":"SKD"}
[2026-08-10T23:48:15.338Z] [LOGIC:PARSER] Saving new sequence 21614 {"days":[17],"statusTag":"SKD","credit":"7.40"}
[2026-08-10T23:48:15.339Z] [LOGIC:PARSER] Identified sequence number on line: 21614 {"day":17,"statusTag":"SKD"}
[2026-08-10T23:48:15.339Z] [LOGIC:PARSER] Identified sequence number on line: 21596 {"day":18,"statusTag":"OT"}
[2026-08-10T23:48:15.339Z] [LOGIC:PARSER] Sequence transition detected from 21614 to 21596 
[2026-08-10T23:48:15.339Z] [LOGIC:PARSER] Merging additional days into sequence 21614 {"addedDays":[17],"credit":"2.58"}
[2026-08-10T23:48:15.340Z] [LOGIC:PARSER] Identified sequence number on line: 17495 {"day":18,"statusTag":"SKD"}
[2026-08-10T23:48:15.340Z] [LOGIC:PARSER] Sequence transition detected from 21596 to 17495 
[2026-08-10T23:48:15.340Z] [LOGIC:PARSER] Saving new sequence 21596 {"days":[18],"statusTag":"SKD","credit":"1.09"}
[2026-08-10T23:48:15.340Z] [LOGIC:PARSER] Saving new sequence 17495 {"days":[18,19,20,21],"statusTag":"SKD","credit":"17.23"}
[2026-08-10T23:48:15.647Z] [LOGIC:PARSER] Starting parseHI1Schedule {"textLength":1089}
[2026-08-10T23:48:15.647Z] [LOGIC:PARSER] Extracted vacations from HI1 {"vacationCount":0}
[2026-08-10T23:48:15.648Z] [LOGIC:PARSER] Identified sequence number on line: 17495 {"day":18,"statusTag":"SKD"}
[2026-08-10T23:48:15.648Z] [LOGIC:PARSER] Saving new sequence 17495 {"days":[18,19,20,21],"statusTag":"SKD","credit":"19.54"}
[2026-08-10T23:48:15.648Z] [LOGIC:PARSER] Identified sequence number on line: 21566 {"day":23,"statusTag":"SKD"}
[2026-08-10T23:48:15.649Z] [LOGIC:PARSER] Saving new sequence 21566 {"days":[23],"statusTag":"OT","credit":"3.58"}
[2026-08-10T23:48:15.649Z] [LOGIC:PARSER] Identified sequence number on line: 17333 {"day":24,"statusTag":"SKD"}
[2026-08-10T23:48:15.650Z] [LOGIC:PARSER] Identified sequence number on line: 17333 {"day":24,"statusTag":"SKD"}
[2026-08-10T23:48:15.650Z] [LOGIC:PARSER] Saving new sequence 17333 {"days":[24,25,26],"statusTag":"SKD","credit":"3.44"}
[2026-08-10T23:48:15.650Z] [LOGIC:PARSER] Starting parseHI1Schedule {"textLength":1089}
[2026-08-10T23:48:15.650Z] [LOGIC:PARSER] Extracted vacations from HI1 {"vacationCount":0}
[2026-08-10T23:48:15.651Z] [LOGIC:PARSER] Identified sequence number on line: 17495 {"day":18,"statusTag":"SKD"}
[2026-08-10T23:48:15.651Z] [LOGIC:PARSER] Saving new sequence 17495 {"days":[18,19,20,21],"statusTag":"SKD","credit":"19.54"}
[2026-08-10T23:48:15.651Z] [LOGIC:PARSER] Identified sequence number on line: 21566 {"day":23,"statusTag":"SKD"}
[2026-08-10T23:48:15.651Z] [LOGIC:PARSER] Saving new sequence 21566 {"days":[23],"statusTag":"OT","credit":"3.58"}
[2026-08-10T23:48:15.651Z] [LOGIC:PARSER] Identified sequence number on line: 17333 {"day":24,"statusTag":"SKD"}
[2026-08-10T23:48:15.651Z] [LOGIC:PARSER] Identified sequence number on line: 17333 {"day":24,"statusTag":"SKD"}
[2026-08-10T23:48:15.652Z] [LOGIC:PARSER] Saving new sequence 17333 {"days":[24,25,26],"statusTag":"SKD","credit":"3.44"}
[2026-08-10T23:48:15.946Z] [LOGIC:PARSER] Starting parseHI1Schedule {"textLength":1092}
[2026-08-10T23:48:15.946Z] [LOGIC:PARSER] Extracted vacations from HI1 {"vacationCount":0}
[2026-08-10T23:48:15.946Z] [LOGIC:PARSER] Identified sequence number on line: 17495 {"day":18,"statusTag":"SKD"}
[2026-08-10T23:48:15.947Z] [LOGIC:PARSER] Saving new sequence 17495 {"days":[18,19,20,21],"statusTag":"SKD","credit":"19.54"}
[2026-08-10T23:48:15.947Z] [LOGIC:PARSER] Identified sequence number on line: 21566 {"day":23,"statusTag":"SKD"}
[2026-08-10T23:48:15.947Z] [LOGIC:PARSER] Saving new sequence 21566 {"days":[23],"statusTag":"OT","credit":"3.58"}
[2026-08-10T23:48:15.947Z] [LOGIC:PARSER] Identified sequence number on line: 17333 {"day":24,"statusTag":"SKD"}
[2026-08-10T23:48:15.948Z] [LOGIC:PARSER] Identified sequence number on line: 17333 {"day":24,"statusTag":"SKD"}
[2026-08-10T23:48:15.948Z] [LOGIC:PARSER] Saving new sequence 17333 {"days":[24,25,26],"statusTag":"SKD","credit":"3.44"}
[2026-08-10T23:48:15.948Z] [LOGIC:PARSER] Starting parseHI1Schedule {"textLength":1092}
[2026-08-10T23:48:15.948Z] [LOGIC:PARSER] Extracted vacations from HI1 {"vacationCount":0}
[2026-08-10T23:48:15.949Z] [LOGIC:PARSER] Identified sequence number on line: 17495 {"day":18,"statusTag":"SKD"}
[2026-08-10T23:48:15.949Z] [LOGIC:PARSER] Saving new sequence 17495 {"days":[18,19,20,21],"statusTag":"SKD","credit":"19.54"}
[2026-08-10T23:48:15.949Z] [LOGIC:PARSER] Identified sequence number on line: 21566 {"day":23,"statusTag":"SKD"}
[2026-08-10T23:48:15.949Z] [LOGIC:PARSER] Saving new sequence 21566 {"days":[23],"statusTag":"OT","credit":"3.58"}
[2026-08-10T23:48:15.949Z] [LOGIC:PARSER] Identified sequence number on line: 17333 {"day":24,"statusTag":"SKD"}
[2026-08-10T23:48:15.950Z] [LOGIC:PARSER] Identified sequence number on line: 17333 {"day":24,"statusTag":"SKD"}
[2026-08-10T23:48:15.950Z] [LOGIC:PARSER] Saving new sequence 17333 {"days":[24,25,26],"statusTag":"SKD","credit":"3.44"}
[2026-08-10T23:48:16.243Z] [LOGIC:PARSER] Starting parseHI1Schedule {"textLength":1028}
[2026-08-10T23:48:16.243Z] [LOGIC:PARSER] Extracted vacations from HI1 {"vacationCount":0}
[2026-08-10T23:48:16.244Z] [LOGIC:PARSER] Saving new sequence SEQ-25 {"days":[25,26],"statusTag":"SKD","credit":"14.52"}
[2026-08-10T23:48:16.244Z] [LOGIC:PARSER] Identified sequence number on line: 17894 {"day":27,"statusTag":"SKD"}
[2026-08-10T23:48:16.244Z] [LOGIC:PARSER] Identified sequence number on line: 17894 {"day":27,"statusTag":"SKD"}
[2026-08-10T23:48:16.244Z] [LOGIC:PARSER] Saving new sequence 17894 {"days":[27,28],"statusTag":"SKD","credit":"6.20"}
[2026-08-10T23:48:16.245Z] [LOGIC:PARSER] Identified sequence number on line: 17270 {"day":30,"statusTag":"SKD"}
[2026-08-10T23:48:16.245Z] [LOGIC:PARSER] Saving new sequence 17270 {"days":[30,31],"statusTag":"SKD","credit":"9.25"}
[2026-08-10T23:48:16.245Z] [LOGIC:PARSER] Starting parseHI1Schedule {"textLength":1028}
[2026-08-10T23:48:16.245Z] [LOGIC:PARSER] Extracted vacations from HI1 {"vacationCount":0}
[2026-08-10T23:48:16.245Z] [LOGIC:PARSER] Saving new sequence SEQ-25 {"days":[25,26],"statusTag":"SKD","credit":"14.52"}
[2026-08-10T23:48:16.246Z] [LOGIC:PARSER] Identified sequence number on line: 17894 {"day":27,"statusTag":"SKD"}
[2026-08-10T23:48:16.246Z] [LOGIC:PARSER] Identified sequence number on line: 17894 {"day":27,"statusTag":"SKD"}
[2026-08-10T23:48:16.246Z] [LOGIC:PARSER] Saving new sequence 17894 {"days":[27,28],"statusTag":"SKD","credit":"6.20"}
[2026-08-10T23:48:16.246Z] [LOGIC:PARSER] Identified sequence number on line: 17270 {"day":30,"statusTag":"SKD"}
[2026-08-10T23:48:16.246Z] [LOGIC:PARSER] Saving new sequence 17270 {"days":[30,31],"statusTag":"SKD","credit":"9.25"}
[2026-08-10T23:48:16.259Z] [LOGIC:PARSER] Starting parseHI1Schedule {"textLength":5281}
[2026-08-10T23:48:16.259Z] [LOGIC:PARSER] Extracted vacations from HI1 {"vacationCount":0}
[2026-08-10T23:48:16.259Z] [LOGIC:PARSER] Identified sequence number on line: 17352 {"day":6,"statusTag":"SKD"}
[2026-08-10T23:48:16.260Z] [LOGIC:PARSER] Identified sequence number on line: 21649 {"day":6,"statusTag":"TT"}
[2026-08-10T23:48:16.260Z] [LOGIC:PARSER] Sequence transition detected from 17352 to 21649 
[2026-08-10T23:48:16.260Z] [LOGIC:PARSER] Saving new sequence 17352 {"days":[6,7,8],"statusTag":"TT","credit":"14.01"}
[2026-08-10T23:48:16.261Z] [LOGIC:PARSER] Saving new sequence 21649 {"days":[6,7,8],"statusTag":"TT","credit":"17.34"}
[2026-08-10T23:48:16.261Z] [LOGIC:PARSER] Identified sequence number on line: 17475 {"day":11,"statusTag":"SKD"}
[2026-08-10T23:48:16.261Z] [LOGIC:PARSER] Identified sequence number on line: 18080 {"day":11,"statusTag":"SKD"}
[2026-08-10T23:48:16.261Z] [LOGIC:PARSER] Sequence transition detected from 17475 to 18080 
[2026-08-10T23:48:16.262Z] [LOGIC:PARSER] Saving new sequence 17475 {"days":[11,12,13,14],"statusTag":"SKD","credit":"18.22"}
[2026-08-10T23:48:16.262Z] [LOGIC:PARSER] Identified sequence number on line: 18080 {"day":11,"statusTag":"SKD"}
[2026-08-10T23:48:16.262Z] [LOGIC:PARSER] Saving new sequence 18080 {"days":[11,12,13,14],"statusTag":"SKD","credit":"15.37"}
[2026-08-10T23:48:16.262Z] [LOGIC:PARSER] Identified sequence number on line: 21514 {"day":15,"statusTag":"SKD"}
[2026-08-10T23:48:16.263Z] [LOGIC:PARSER] Saving new sequence 21514 {"days":[15],"statusTag":"OT","credit":"5.09"}
[2026-08-10T23:48:16.263Z] [LOGIC:PARSER] Identified sequence number on line: 21614 {"day":17,"statusTag":"SKD"}
[2026-08-10T23:48:16.263Z] [LOGIC:PARSER] Saving new sequence 21614 {"days":[17],"statusTag":"SKD","credit":"7.40"}
[2026-08-10T23:48:16.264Z] [LOGIC:PARSER] Identified sequence number on line: 21614 {"day":17,"statusTag":"SKD"}
[2026-08-10T23:48:16.264Z] [LOGIC:PARSER] Identified sequence number on line: 21596 {"day":18,"statusTag":"OT"}
[2026-08-10T23:48:16.264Z] [LOGIC:PARSER] Sequence transition detected from 21614 to 21596 
[2026-08-10T23:48:16.264Z] [LOGIC:PARSER] Merging additional days into sequence 21614 {"addedDays":[17],"credit":"2.58"}
[2026-08-10T23:48:16.264Z] [LOGIC:PARSER] Identified sequence number on line: 17495 {"day":18,"statusTag":"SKD"}
[2026-08-10T23:48:16.265Z] [LOGIC:PARSER] Sequence transition detected from 21596 to 17495 
[2026-08-10T23:48:16.265Z] [LOGIC:PARSER] Saving new sequence 21596 {"days":[18],"statusTag":"SKD","credit":"1.09"}
[2026-08-10T23:48:16.265Z] [LOGIC:PARSER] Identified sequence number on line: 17495 {"day":18,"statusTag":"SKD"}
[2026-08-10T23:48:16.265Z] [LOGIC:PARSER] Saving new sequence 17495 {"days":[18,19,20,21],"statusTag":"SKD","credit":"19.54"}
[2026-08-10T23:48:16.266Z] [LOGIC:PARSER] Identified sequence number on line: 21566 {"day":23,"statusTag":"SKD"}
[2026-08-10T23:48:16.266Z] [LOGIC:PARSER] Saving new sequence 21566 {"days":[23],"statusTag":"OT","credit":"3.58"}
[2026-08-10T23:48:16.266Z] [LOGIC:PARSER] Identified sequence number on line: 17333 {"day":24,"statusTag":"SKD"}
[2026-08-10T23:48:16.266Z] [LOGIC:PARSER] Identified sequence number on line: 17333 {"day":24,"statusTag":"SKD"}
[2026-08-10T23:48:16.266Z] [LOGIC:PARSER] Saving new sequence 17333 {"days":[24,25,26],"statusTag":"SKD","credit":"14.52"}
[2026-08-10T23:48:16.267Z] [LOGIC:PARSER] Identified sequence number on line: 17894 {"day":27,"statusTag":"SKD"}
[2026-08-10T23:48:16.267Z] [LOGIC:PARSER] Identified sequence number on line: 17894 {"day":27,"statusTag":"SKD"}
[2026-08-10T23:48:16.267Z] [LOGIC:PARSER] Saving new sequence 17894 {"days":[27,28],"statusTag":"SKD","credit":"6.20"}
[2026-08-10T23:48:16.267Z] [LOGIC:PARSER] Identified sequence number on line: 17270 {"day":30,"statusTag":"SKD"}
[2026-08-10T23:48:16.268Z] [LOGIC:PARSER] Saving new sequence 17270 {"days":[30,31],"statusTag":"SKD","credit":"9.25"}
[2026-08-10T23:48:31.833Z] [LOGIC:PARSER] Starting parseHI1Schedule {"textLength":1031}
[2026-08-10T23:48:31.833Z] [LOGIC:PARSER] Extracted vacations from HI1 {"vacationCount":0}
[2026-08-10T23:48:31.833Z] [LOGIC:PARSER] Saving new sequence SEQ-25 {"days":[25,26],"statusTag":"SKD","credit":"14.52"}
[2026-08-10T23:48:31.834Z] [LOGIC:PARSER] Identified sequence number on line: 17894 {"day":27,"statusTag":"SKD"}
[2026-08-10T23:48:31.834Z] [LOGIC:PARSER] Identified sequence number on line: 17894 {"day":27,"statusTag":"SKD"}
[2026-08-10T23:48:31.834Z] [LOGIC:PARSER] Saving new sequence 17894 {"days":[27,28],"statusTag":"SKD","credit":"6.20"}
[2026-08-10T23:48:31.834Z] [LOGIC:PARSER] Identified sequence number on line: 17270 {"day":30,"statusTag":"SKD"}
[2026-08-10T23:48:31.835Z] [LOGIC:PARSER] Saving new sequence 17270 {"days":[30,31],"statusTag":"SKD","credit":"9.25"}
[2026-08-10T23:48:31.835Z] [LOGIC:PARSER] Starting parseHI1Schedule {"textLength":1031}
[2026-08-10T23:48:31.835Z] [LOGIC:PARSER] Extracted vacations from HI1 {"vacationCount":0}
[2026-08-10T23:48:31.835Z] [LOGIC:PARSER] Saving new sequence SEQ-25 {"days":[25,26],"statusTag":"SKD","credit":"14.52"}
[2026-08-10T23:48:31.835Z] [LOGIC:PARSER] Identified sequence number on line: 17894 {"day":27,"statusTag":"SKD"}
[2026-08-10T23:48:31.836Z] [LOGIC:PARSER] Identified sequence number on line: 17894 {"day":27,"statusTag":"SKD"}
[2026-08-10T23:48:31.836Z] [LOGIC:PARSER] Saving new sequence 17894 {"days":[27,28],"statusTag":"SKD","credit":"6.20"}
[2026-08-10T23:48:31.836Z] [LOGIC:PARSER] Identified sequence number on line: 17270 {"day":30,"statusTag":"SKD"}
[2026-08-10T23:48:31.836Z] [LOGIC:PARSER] Saving new sequence 17270 {"days":[30,31],"statusTag":"SKD","credit":"9.25"}
[2026-08-10T23:48:32.136Z] [LOGIC:PARSER] Starting parseHI1Schedule {"textLength":1039}
[2026-08-10T23:48:32.136Z] [LOGIC:PARSER] Extracted vacations from HI1 {"vacationCount":0}
[2026-08-10T23:48:32.136Z] [LOGIC:PARSER] Saving new sequence SEQ-25 {"days":[25,26],"statusTag":"SKD","credit":"14.52"}
[2026-08-10T23:48:32.137Z] [LOGIC:PARSER] Identified sequence number on line: 17894 {"day":27,"statusTag":"SKD"}
[2026-08-10T23:48:32.137Z] [LOGIC:PARSER] Identified sequence number on line: 17894 {"day":27,"statusTag":"SKD"}
[2026-08-10T23:48:32.137Z] [LOGIC:PARSER] Saving new sequence 17894 {"days":[27,28],"statusTag":"SKD","credit":"6.20"}
[2026-08-10T23:48:32.137Z] [LOGIC:PARSER] Identified sequence number on line: 17270 {"day":30,"statusTag":"SKD"}
[2026-08-10T23:48:32.138Z] [LOGIC:PARSER] Saving new sequence 17270 {"days":[30,31],"statusTag":"SKD","credit":"9.25"}
[2026-08-10T23:48:32.138Z] [LOGIC:PARSER] Starting parseHI1Schedule {"textLength":1039}
[2026-08-10T23:48:32.138Z] [LOGIC:PARSER] Extracted vacations from HI1 {"vacationCount":0}
[2026-08-10T23:48:32.138Z] [LOGIC:PARSER] Saving new sequence SEQ-25 {"days":[25,26],"statusTag":"SKD","credit":"14.52"}
[2026-08-10T23:48:32.138Z] [LOGIC:PARSER] Identified sequence number on line: 17894 {"day":27,"statusTag":"SKD"}
[2026-08-10T23:48:32.139Z] [LOGIC:PARSER] Identified sequence number on line: 17894 {"day":27,"statusTag":"SKD"}
[2026-08-10T23:48:32.139Z] [LOGIC:PARSER] Saving new sequence 17894 {"days":[27,28],"statusTag":"SKD","credit":"6.20"}
[2026-08-10T23:48:32.139Z] [LOGIC:PARSER] Identified sequence number on line: 17270 {"day":30,"statusTag":"SKD"}
[2026-08-10T23:48:32.139Z] [LOGIC:PARSER] Saving new sequence 17270 {"days":[30,31],"statusTag":"SKD","credit":"9.25"}
[2026-08-10T23:48:32.436Z] [LOGIC:PARSER] Starting parseHI1Schedule {"textLength":1047}
[2026-08-10T23:48:32.437Z] [LOGIC:PARSER] Extracted vacations from HI1 {"vacationCount":0}
[2026-08-10T23:48:32.437Z] [LOGIC:PARSER] Saving new sequence SEQ-25 {"days":[25,26],"statusTag":"SKD","credit":"14.52"}
[2026-08-10T23:48:32.437Z] [LOGIC:PARSER] Identified sequence number on line: 17894 {"day":27,"statusTag":"SKD"}
[2026-08-10T23:48:32.438Z] [LOGIC:PARSER] Identified sequence number on line: 17894 {"day":27,"statusTag":"SKD"}
[2026-08-10T23:48:32.438Z] [LOGIC:PARSER] Saving new sequence 17894 {"days":[27,28],"statusTag":"SKD","credit":"6.20"}
[2026-08-10T23:48:32.438Z] [LOGIC:PARSER] Identified sequence number on line: 17270 {"day":30,"statusTag":"SKD"}
[2026-08-10T23:48:32.439Z] [LOGIC:PARSER] Saving new sequence 17270 {"days":[30,31],"statusTag":"SKD","credit":"9.25"}
[2026-08-10T23:48:32.439Z] [LOGIC:PARSER] Starting parseHI1Schedule {"textLength":1047}
[2026-08-10T23:48:32.439Z] [LOGIC:PARSER] Extracted vacations from HI1 {"vacationCount":0}
[2026-08-10T23:48:32.439Z] [LOGIC:PARSER] Saving new sequence SEQ-25 {"days":[25,26],"statusTag":"SKD","credit":"14.52"}
[2026-08-10T23:48:32.439Z] [LOGIC:PARSER] Identified sequence number on line: 17894 {"day":27,"statusTag":"SKD"}
[2026-08-10T23:48:32.440Z] [LOGIC:PARSER] Identified sequence number on line: 17894 {"day":27,"statusTag":"SKD"}
[2026-08-10T23:48:32.440Z] [LOGIC:PARSER] Saving new sequence 17894 {"days":[27,28],"statusTag":"SKD","credit":"6.20"}
[2026-08-10T23:48:32.440Z] [LOGIC:PARSER] Identified sequence number on line: 17270 {"day":30,"statusTag":"SKD"}
[2026-08-10T23:48:32.440Z] [LOGIC:PARSER] Saving new sequence 17270 {"days":[30,31],"statusTag":"SKD","credit":"9.25"}
[2026-08-10T23:48:33.035Z] [LOGIC:PARSER] Starting parseHI1Schedule {"textLength":1078}
[2026-08-10T23:48:33.036Z] [LOGIC:PARSER] Extracted vacations from HI1 {"vacationCount":0}
[2026-08-10T23:48:33.036Z] [LOGIC:PARSER] Starting parseHI1Schedule {"textLength":1078}
[2026-08-10T23:48:33.036Z] [LOGIC:PARSER] Extracted vacations from HI1 {"vacationCount":0}
[2026-08-10T23:48:35.436Z] [LOGIC:PARSER] Starting parseHI1Schedule {"textLength":1078}
[2026-08-10T23:48:35.436Z] [LOGIC:PARSER] Extracted vacations from HI1 {"vacationCount":0}
[2026-08-10T23:48:35.436Z] [LOGIC:PARSER] Starting parseHI1Schedule {"textLength":1078}
[2026-08-10T23:48:35.437Z] [LOGIC:PARSER] Extracted vacations from HI1 {"vacationCount":0}
[2026-08-10T23:48:35.735Z] [LOGIC:PARSER] Starting parseHI1Schedule {"textLength":1026}
[2026-08-10T23:48:35.735Z] [LOGIC:PARSER] Extracted vacations from HI1 {"vacationCount":0}
[2026-08-10T23:48:35.736Z] [LOGIC:PARSER] Starting parseHI1Schedule {"textLength":1026}
[2026-08-10T23:48:35.736Z] [LOGIC:PARSER] Extracted vacations from HI1 {"vacationCount":0}
[2026-08-10T23:48:36.035Z] [LOGIC:PARSER] Starting parseHI1Schedule {"textLength":1029}
[2026-08-10T23:48:36.036Z] [LOGIC:PARSER] Extracted vacations from HI1 {"vacationCount":0}
[2026-08-10T23:48:36.036Z] [LOGIC:PARSER] Starting parseHI1Schedule {"textLength":1029}
[2026-08-10T23:48:36.036Z] [LOGIC:PARSER] Extracted vacations from HI1 {"vacationCount":0}
[2026-08-10T23:48:36.637Z] [LOGIC:PARSER] Starting parseHI1Schedule {"textLength":1026}
[2026-08-10T23:48:36.637Z] [LOGIC:PARSER] Extracted vacations from HI1 {"vacationCount":0}
[2026-08-10T23:48:36.638Z] [LOGIC:PARSER] Starting parseHI1Schedule {"textLength":1026}
[2026-08-10T23:48:36.638Z] [LOGIC:PARSER] Extracted vacations from HI1 {"vacationCount":0}
[2026-08-10T23:48:36.898Z] [LOGIC:PARSER] Starting parseHI1Schedule {"textLength":3129}
[2026-08-10T23:48:36.898Z] [LOGIC:PARSER] Extracted vacations from HI1 {"vacationCount":0}
[2026-08-10T23:48:36.899Z] [LOGIC:PARSER] Starting parseHI1Schedule {"textLength":3129}
[2026-08-10T23:48:36.899Z] [LOGIC:PARSER] Extracted vacations from HI1 {"vacationCount":0}
[2026-08-10T23:48:43.014Z] [LOGIC:PARSER] Starting parseHI1Schedule {"textLength":3121}
[2026-08-10T23:48:43.014Z] [LOGIC:PARSER] Extracted vacations from HI1 {"vacationCount":0}
[2026-08-10T23:48:43.014Z] [LOGIC:PARSER] Starting parseHI1Schedule {"textLength":3121}
[2026-08-10T23:48:43.014Z] [LOGIC:PARSER] Extracted vacations from HI1 {"vacationCount":0}
[2026-08-10T23:48:49.139Z] [LOGIC:PARSER] Starting parseHI1Schedule {"textLength":1991}
[2026-08-10T23:48:49.139Z] [LOGIC:PARSER] Extracted vacations from HI1 {"vacationCount":0}
[2026-08-10T23:48:49.139Z] [LOGIC:PARSER] Starting parseHI1Schedule {"textLength":1991}
[2026-08-10T23:48:49.140Z] [LOGIC:PARSER] Extracted vacations from HI1 {"vacationCount":0}
[2026-08-10T23:48:55.269Z] [LOGIC:PARSER] Starting parseHI1Schedule {"textLength":2675}
[2026-08-10T23:48:55.269Z] [LOGIC:PARSER] Extracted vacations from HI1 {"vacationCount":0}
[2026-08-10T23:48:55.269Z] [LOGIC:PARSER] Starting parseHI1Schedule {"textLength":2675}
[2026-08-10T23:48:55.270Z] [LOGIC:PARSER] Extracted vacations from HI1 {"vacationCount":0}
[2026-08-10T23:49:01.413Z] [LOGIC:PARSER] Starting parseHI1Schedule {"textLength":3198}
[2026-08-10T23:49:01.414Z] [LOGIC:PARSER] Extracted vacations from HI1 {"vacationCount":0}
[2026-08-10T23:49:01.414Z] [LOGIC:PARSER] Starting parseHI1Schedule {"textLength":3198}
[2026-08-10T23:49:01.415Z] [LOGIC:PARSER] Extracted vacations from HI1 {"vacationCount":0}
[2026-08-10T23:49:07.529Z] [LOGIC:PARSER] Starting parseHI1Schedule {"textLength":1991}
[2026-08-10T23:49:07.529Z] [LOGIC:PARSER] Extracted vacations from HI1 {"vacationCount":0}
[2026-08-10T23:49:07.529Z] [LOGIC:PARSER] Starting parseHI1Schedule {"textLength":1991}
[2026-08-10T23:49:07.530Z] [LOGIC:PARSER] Extracted vacations from HI1 {"vacationCount":0}
[2026-08-10T23:49:13.651Z] [LOGIC:PARSER] Starting parseHI1Schedule {"textLength":3186}
[2026-08-10T23:49:13.652Z] [LOGIC:PARSER] Extracted vacations from HI1 {"vacationCount":0}
[2026-08-10T23:49:13.652Z] [LOGIC:PARSER] Starting parseHI1Schedule {"textLength":3186}
[2026-08-10T23:49:13.653Z] [LOGIC:PARSER] Extracted vacations from HI1 {"vacationCount":0}
[2026-08-10T23:49:19.779Z] [LOGIC:PARSER] Starting parseHI1Schedule {"textLength":3352}
[2026-08-10T23:49:19.780Z] [LOGIC:PARSER] Extracted vacations from HI1 {"vacationCount":0}
[2026-08-10T23:49:19.780Z] [LOGIC:PARSER] Starting parseHI1Schedule {"textLength":3352}
[2026-08-10T23:49:19.780Z] [LOGIC:PARSER] Extracted vacations from HI1 {"vacationCount":0}
[2026-08-10T23:50:31.456Z] [LOGIC:PARSER] Starting parseHI1Schedule {"textLength":3352}
[2026-08-10T23:50:31.457Z] [LOGIC:PARSER] Extracted vacations from HI1 {"vacationCount":0}
[2026-08-10T23:50:31.457Z] [LOGIC:PARSER] Starting parseHI1Schedule {"textLength":3352}
[2026-08-10T23:50:31.457Z] [LOGIC:PARSER] Extracted vacations from HI1 {"vacationCount":0}
[2026-08-10T23:50:39.912Z] [LOGIC:PARSER] Starting parseHI1Schedule {"textLength":3352}
[2026-08-10T23:50:39.912Z] [LOGIC:PARSER] Extracted vacations from HI1 {"vacationCount":0}
[2026-08-10T23:50:39.912Z] [LOGIC:PARSER] Starting parseHI1Schedule {"textLength":3352}
[2026-08-10T23:50:39.913Z] [LOGIC:PARSER] Extracted vacations from HI1 {"vacationCount":0}
[2026-08-10T23:53:09.399Z] [LOGIC:PARSER] Starting parseHI1Schedule {"textLength":949}
[2026-08-10T23:53:09.400Z] [LOGIC:PARSER] Extracted vacations from HI1 {"vacationCount":0}
[2026-08-10T23:53:09.400Z] [LOGIC:PARSER] Identified sequence number on line: 17352 {"day":6,"statusTag":"SKD"}
[2026-08-10T23:53:09.401Z] [LOGIC:PARSER] Saving new sequence 17352 {"days":[6,7],"statusTag":"TT","credit":"4.39"}
[2026-08-10T23:53:09.401Z] [LOGIC:PARSER] Starting parseHI1Schedule {"textLength":949}
[2026-08-10T23:53:09.401Z] [LOGIC:PARSER] Extracted vacations from HI1 {"vacationCount":0}
[2026-08-10T23:53:09.401Z] [LOGIC:PARSER] Identified sequence number on line: 17352 {"day":6,"statusTag":"SKD"}
[2026-08-10T23:53:09.402Z] [LOGIC:PARSER] Saving new sequence 17352 {"days":[6,7],"statusTag":"TT","credit":"4.39"}
[2026-08-10T23:53:10.894Z] [LOGIC:PARSER] Starting parseHI1Schedule {"textLength":952}
[2026-08-10T23:53:10.894Z] [LOGIC:PARSER] Extracted vacations from HI1 {"vacationCount":0}
[2026-08-10T23:53:10.895Z] [LOGIC:PARSER] Identified sequence number on line: 17352 {"day":6,"statusTag":"SKD"}
[2026-08-10T23:53:10.895Z] [LOGIC:PARSER] Saving new sequence 17352 {"days":[6,7],"statusTag":"TT","credit":"4.39"}
[2026-08-10T23:53:10.895Z] [LOGIC:PARSER] Starting parseHI1Schedule {"textLength":952}
[2026-08-10T23:53:10.895Z] [LOGIC:PARSER] Extracted vacations from HI1 {"vacationCount":0}
[2026-08-10T23:53:10.896Z] [LOGIC:PARSER] Identified sequence number on line: 17352 {"day":6,"statusTag":"SKD"}
[2026-08-10T23:53:10.896Z] [LOGIC:PARSER] Saving new sequence 17352 {"days":[6,7],"statusTag":"TT","credit":"4.39"}
[2026-08-10T23:53:11.492Z] [LOGIC:PARSER] Starting parseHI1Schedule {"textLength":1079}
[2026-08-10T23:53:11.492Z] [LOGIC:PARSER] Extracted vacations from HI1 {"vacationCount":0}
[2026-08-10T23:53:11.492Z] [LOGIC:PARSER] Identified sequence number on line: 21649 {"day":6,"statusTag":"SKD"}
[2026-08-10T23:53:11.493Z] [LOGIC:PARSER] Sequence transition detected from SEQ-8 to 21649 
[2026-08-10T23:53:11.493Z] [LOGIC:PARSER] Saving new sequence SEQ-8 {"days":[8],"statusTag":"SKD","credit":"14.01"}
[2026-08-10T23:53:11.493Z] [LOGIC:PARSER] Saving new sequence 21649 {"days":[6,7,8],"statusTag":"TT","credit":"17.34"}
[2026-08-10T23:53:11.493Z] [LOGIC:PARSER] Identified sequence number on line: 17475 {"day":11,"statusTag":"SKD"}
[2026-08-10T23:53:11.494Z] [LOGIC:PARSER] Identified sequence number on line: 18080 {"day":11,"statusTag":"SKD"}
[2026-08-10T23:53:11.494Z] [LOGIC:PARSER] Sequence transition detected from 17475 to 18080 
[2026-08-10T23:53:11.494Z] [LOGIC:PARSER] Saving new sequence 17475 {"days":[11,12,13,14],"statusTag":"SKD","credit":"18.22"}
[2026-08-10T23:53:11.494Z] [LOGIC:PARSER] Identified sequence number on line: 18080 {"day":11,"statusTag":"SKD"}
[2026-08-10T23:53:11.494Z] [LOGIC:PARSER] Saving new sequence 18080 {"days":[11,12,13,14],"statusTag":"SKD","credit":"19.56"}
[2026-08-10T23:53:11.495Z] [LOGIC:PARSER] Starting parseHI1Schedule {"textLength":1079}
[2026-08-10T23:53:11.495Z] [LOGIC:PARSER] Extracted vacations from HI1 {"vacationCount":0}
[2026-08-10T23:53:11.495Z] [LOGIC:PARSER] Identified sequence number on line: 21649 {"day":6,"statusTag":"SKD"}
[2026-08-10T23:53:11.495Z] [LOGIC:PARSER] Sequence transition detected from SEQ-8 to 21649 
[2026-08-10T23:53:11.496Z] [LOGIC:PARSER] Saving new sequence SEQ-8 {"days":[8],"statusTag":"SKD","credit":"14.01"}
[2026-08-10T23:53:11.496Z] [LOGIC:PARSER] Saving new sequence 21649 {"days":[6,7,8],"statusTag":"TT","credit":"17.34"}
[2026-08-10T23:53:11.496Z] [LOGIC:PARSER] Identified sequence number on line: 17475 {"day":11,"statusTag":"SKD"}
[2026-08-10T23:53:11.496Z] [LOGIC:PARSER] Identified sequence number on line: 18080 {"day":11,"statusTag":"SKD"}
[2026-08-10T23:53:11.497Z] [LOGIC:PARSER] Sequence transition detected from 17475 to 18080 
[2026-08-10T23:53:11.497Z] [LOGIC:PARSER] Saving new sequence 17475 {"days":[11,12,13,14],"statusTag":"SKD","credit":"18.22"}
[2026-08-10T23:53:11.497Z] [LOGIC:PARSER] Identified sequence number on line: 18080 {"day":11,"statusTag":"SKD"}
[2026-08-10T23:53:11.497Z] [LOGIC:PARSER] Saving new sequence 18080 {"days":[11,12,13,14],"statusTag":"SKD","credit":"19.56"}
[2026-08-10T23:53:12.099Z] [LOGIC:PARSER] Starting parseHI1Schedule {"textLength":1138}
[2026-08-10T23:53:12.100Z] [LOGIC:PARSER] Extracted vacations from HI1 {"vacationCount":0}
[2026-08-10T23:53:12.100Z] [LOGIC:PARSER] Saving new sequence SEQ-12 {"days":[12,13,14],"statusTag":"SKD","credit":"15.37"}
[2026-08-10T23:53:12.100Z] [LOGIC:PARSER] Identified sequence number on line: 21514 {"day":15,"statusTag":"SKD"}
[2026-08-10T23:53:12.101Z] [LOGIC:PARSER] Saving new sequence 21514 {"days":[15],"statusTag":"OT","credit":"5.09"}
[2026-08-10T23:53:12.101Z] [LOGIC:PARSER] Identified sequence number on line: 21614 {"day":17,"statusTag":"SKD"}
[2026-08-10T23:53:12.101Z] [LOGIC:PARSER] Saving new sequence 21614 {"days":[17],"statusTag":"SKD","credit":"7.40"}
[2026-08-10T23:53:12.102Z] [LOGIC:PARSER] Identified sequence number on line: 21614 {"day":17,"statusTag":"SKD"}
[2026-08-10T23:53:12.102Z] [LOGIC:PARSER] Identified sequence number on line: 21596 {"day":18,"statusTag":"OT"}
[2026-08-10T23:53:12.102Z] [LOGIC:PARSER] Sequence transition detected from 21614 to 21596 
[2026-08-10T23:53:12.102Z] [LOGIC:PARSER] Merging additional days into sequence 21614 {"addedDays":[17],"credit":"2.58"}
[2026-08-10T23:53:12.102Z] [LOGIC:PARSER] Identified sequence number on line: 17495 {"day":18,"statusTag":"SKD"}
[2026-08-10T23:53:12.103Z] [LOGIC:PARSER] Sequence transition detected from 21596 to 17495 
[2026-08-10T23:53:12.103Z] [LOGIC:PARSER] Saving new sequence 21596 {"days":[18],"statusTag":"SKD","credit":"1.09"}
[2026-08-10T23:53:12.103Z] [LOGIC:PARSER] Saving new sequence 17495 {"days":[18,19,20,21],"statusTag":"SKD","credit":"17.23"}
[2026-08-10T23:53:12.103Z] [LOGIC:PARSER] Starting parseHI1Schedule {"textLength":1138}
[2026-08-10T23:53:12.104Z] [LOGIC:PARSER] Extracted vacations from HI1 {"vacationCount":0}
[2026-08-10T23:53:12.104Z] [LOGIC:PARSER] Saving new sequence SEQ-12 {"days":[12,13,14],"statusTag":"SKD","credit":"15.37"}
[2026-08-10T23:53:12.104Z] [LOGIC:PARSER] Identified sequence number on line: 21514 {"day":15,"statusTag":"SKD"}
[2026-08-10T23:53:12.104Z] [LOGIC:PARSER] Saving new sequence 21514 {"days":[15],"statusTag":"OT","credit":"5.09"}
[2026-08-10T23:53:12.105Z] [LOGIC:PARSER] Identified sequence number on line: 21614 {"day":17,"statusTag":"SKD"}
[2026-08-10T23:53:12.105Z] [LOGIC:PARSER] Saving new sequence 21614 {"days":[17],"statusTag":"SKD","credit":"7.40"}
[2026-08-10T23:53:12.105Z] [LOGIC:PARSER] Identified sequence number on line: 21614 {"day":17,"statusTag":"SKD"}
[2026-08-10T23:53:12.105Z] [LOGIC:PARSER] Identified sequence number on line: 21596 {"day":18,"statusTag":"OT"}
[2026-08-10T23:53:12.105Z] [LOGIC:PARSER] Sequence transition detected from 21614 to 21596 
[2026-08-10T23:53:12.106Z] [LOGIC:PARSER] Merging additional days into sequence 21614 {"addedDays":[17],"credit":"2.58"}
[2026-08-10T23:53:12.106Z] [LOGIC:PARSER] Identified sequence number on line: 17495 {"day":18,"statusTag":"SKD"}
[2026-08-10T23:53:12.106Z] [LOGIC:PARSER] Sequence transition detected from 21596 to 17495 
[2026-08-10T23:53:12.106Z] [LOGIC:PARSER] Saving new sequence 21596 {"days":[18],"statusTag":"SKD","credit":"1.09"}
[2026-08-10T23:53:12.107Z] [LOGIC:PARSER] Saving new sequence 17495 {"days":[18,19,20,21],"statusTag":"SKD","credit":"17.23"}
[2026-08-10T23:53:12.691Z] [LOGIC:PARSER] Starting parseHI1Schedule {"textLength":1092}
[2026-08-10T23:53:12.692Z] [LOGIC:PARSER] Extracted vacations from HI1 {"vacationCount":0}
[2026-08-10T23:53:12.692Z] [LOGIC:PARSER] Identified sequence number on line: 17495 {"day":18,"statusTag":"SKD"}
[2026-08-10T23:53:12.692Z] [LOGIC:PARSER] Saving new sequence 17495 {"days":[18,19,20,21],"statusTag":"SKD","credit":"19.54"}
[2026-08-10T23:53:12.693Z] [LOGIC:PARSER] Identified sequence number on line: 21566 {"day":23,"statusTag":"SKD"}
[2026-08-10T23:53:12.693Z] [LOGIC:PARSER] Saving new sequence 21566 {"days":[23],"statusTag":"OT","credit":"3.58"}
[2026-08-10T23:53:12.693Z] [LOGIC:PARSER] Identified sequence number on line: 17333 {"day":24,"statusTag":"SKD"}
[2026-08-10T23:53:12.693Z] [LOGIC:PARSER] Identified sequence number on line: 17333 {"day":24,"statusTag":"SKD"}
[2026-08-10T23:53:12.694Z] [LOGIC:PARSER] Saving new sequence 17333 {"days":[24,25,26],"statusTag":"SKD","credit":"3.44"}
[2026-08-10T23:53:12.694Z] [LOGIC:PARSER] Starting parseHI1Schedule {"textLength":1092}
[2026-08-10T23:53:12.694Z] [LOGIC:PARSER] Extracted vacations from HI1 {"vacationCount":0}
[2026-08-10T23:53:12.694Z] [LOGIC:PARSER] Identified sequence number on line: 17495 {"day":18,"statusTag":"SKD"}
[2026-08-10T23:53:12.695Z] [LOGIC:PARSER] Saving new sequence 17495 {"days":[18,19,20,21],"statusTag":"SKD","credit":"19.54"}
[2026-08-10T23:53:12.695Z] [LOGIC:PARSER] Identified sequence number on line: 21566 {"day":23,"statusTag":"SKD"}
[2026-08-10T23:53:12.695Z] [LOGIC:PARSER] Saving new sequence 21566 {"days":[23],"statusTag":"OT","credit":"3.58"}
[2026-08-10T23:53:12.695Z] [LOGIC:PARSER] Identified sequence number on line: 17333 {"day":24,"statusTag":"SKD"}
[2026-08-10T23:53:12.695Z] [LOGIC:PARSER] Identified sequence number on line: 17333 {"day":24,"statusTag":"SKD"}
[2026-08-10T23:53:12.696Z] [LOGIC:PARSER] Saving new sequence 17333 {"days":[24,25,26],"statusTag":"SKD","credit":"3.44"}
[2026-08-10T23:53:13.145Z] [LOGIC:PARSER] Starting parseHI1Schedule {"textLength":5281}
[2026-08-10T23:53:13.146Z] [LOGIC:PARSER] Extracted vacations from HI1 {"vacationCount":0}
[2026-08-10T23:53:13.146Z] [LOGIC:PARSER] Identified sequence number on line: 17352 {"day":6,"statusTag":"SKD"}
[2026-08-10T23:53:13.146Z] [LOGIC:PARSER] Identified sequence number on line: 21649 {"day":6,"statusTag":"TT"}
[2026-08-10T23:53:13.146Z] [LOGIC:PARSER] Sequence transition detected from 17352 to 21649 
[2026-08-10T23:53:13.147Z] [LOGIC:PARSER] Saving new sequence 17352 {"days":[6,7,8],"statusTag":"TT","credit":"14.01"}
[2026-08-10T23:53:13.147Z] [LOGIC:PARSER] Saving new sequence 21649 {"days":[6,7,8],"statusTag":"TT","credit":"17.34"}
[2026-08-10T23:53:13.147Z] [LOGIC:PARSER] Identified sequence number on line: 17475 {"day":11,"statusTag":"SKD"}
[2026-08-10T23:53:13.147Z] [LOGIC:PARSER] Identified sequence number on line: 18080 {"day":11,"statusTag":"SKD"}
[2026-08-10T23:53:13.147Z] [LOGIC:PARSER] Sequence transition detected from 17475 to 18080 
[2026-08-10T23:53:13.148Z] [LOGIC:PARSER] Saving new sequence 17475 {"days":[11,12,13,14],"statusTag":"SKD","credit":"18.22"}
[2026-08-10T23:53:13.148Z] [LOGIC:PARSER] Identified sequence number on line: 18080 {"day":11,"statusTag":"SKD"}
[2026-08-10T23:53:13.148Z] [LOGIC:PARSER] Saving new sequence 18080 {"days":[11,12,13,14],"statusTag":"SKD","credit":"15.37"}
[2026-08-10T23:53:13.148Z] [LOGIC:PARSER] Identified sequence number on line: 21514 {"day":15,"statusTag":"SKD"}
[2026-08-10T23:53:13.149Z] [LOGIC:PARSER] Saving new sequence 21514 {"days":[15],"statusTag":"OT","credit":"5.09"}
[2026-08-10T23:53:13.149Z] [LOGIC:PARSER] Identified sequence number on line: 21614 {"day":17,"statusTag":"SKD"}
[2026-08-10T23:53:13.149Z] [LOGIC:PARSER] Saving new sequence 21614 {"days":[17],"statusTag":"SKD","credit":"7.40"}
[2026-08-10T23:53:13.149Z] [LOGIC:PARSER] Identified sequence number on line: 21614 {"day":17,"statusTag":"SKD"}
[2026-08-10T23:53:13.149Z] [LOGIC:PARSER] Identified sequence number on line: 21596 {"day":18,"statusTag":"OT"}
[2026-08-10T23:53:13.149Z] [LOGIC:PARSER] Sequence transition detected from 21614 to 21596 
[2026-08-10T23:53:13.150Z] [LOGIC:PARSER] Merging additional days into sequence 21614 {"addedDays":[17],"credit":"2.58"}
[2026-08-10T23:53:13.150Z] [LOGIC:PARSER] Identified sequence number on line: 17495 {"day":18,"statusTag":"SKD"}
[2026-08-10T23:53:13.150Z] [LOGIC:PARSER] Sequence transition detected from 21596 to 17495 
[2026-08-10T23:53:13.150Z] [LOGIC:PARSER] Saving new sequence 21596 {"days":[18],"statusTag":"SKD","credit":"1.09"}
[2026-08-10T23:53:13.150Z] [LOGIC:PARSER] Identified sequence number on line: 17495 {"day":18,"statusTag":"SKD"}
[2026-08-10T23:53:13.151Z] [LOGIC:PARSER] Saving new sequence 17495 {"days":[18,19,20,21],"statusTag":"SKD","credit":"19.54"}
[2026-08-10T23:53:13.151Z] [LOGIC:PARSER] Identified sequence number on line: 21566 {"day":23,"statusTag":"SKD"}
[2026-08-10T23:53:13.151Z] [LOGIC:PARSER] Saving new sequence 21566 {"days":[23],"statusTag":"OT","credit":"3.58"}
[2026-08-10T23:53:13.152Z] [LOGIC:PARSER] Identified sequence number on line: 17333 {"day":24,"statusTag":"SKD"}
[2026-08-10T23:53:13.152Z] [LOGIC:PARSER] Identified sequence number on line: 17333 {"day":24,"statusTag":"SKD"}
[2026-08-10T23:53:13.152Z] [LOGIC:PARSER] Saving new sequence 17333 {"days":[24,25,26],"statusTag":"SKD","credit":"14.52"}
[2026-08-10T23:53:13.152Z] [LOGIC:PARSER] Identified sequence number on line: 17894 {"day":27,"statusTag":"SKD"}
[2026-08-10T23:53:13.152Z] [LOGIC:PARSER] Identified sequence number on line: 17894 {"day":27,"statusTag":"SKD"}
[2026-08-10T23:53:13.153Z] [LOGIC:PARSER] Saving new sequence 17894 {"days":[27,28],"statusTag":"SKD","credit":"6.20"}
[2026-08-10T23:53:13.153Z] [LOGIC:PARSER] Identified sequence number on line: 17270 {"day":30,"statusTag":"SKD"}
[2026-08-10T23:53:13.153Z] [LOGIC:PARSER] Saving new sequence 17270 {"days":[30,31],"statusTag":"SKD","credit":"9.25"}
[2026-08-10T23:53:13.297Z] [LOGIC:PARSER] Starting parseHI1Schedule {"textLength":1028}
[2026-08-10T23:53:13.298Z] [LOGIC:PARSER] Extracted vacations from HI1 {"vacationCount":0}
[2026-08-10T23:53:13.298Z] [LOGIC:PARSER] Saving new sequence SEQ-25 {"days":[25,26],"statusTag":"SKD","credit":"14.52"}
[2026-08-10T23:53:13.298Z] [LOGIC:PARSER] Identified sequence number on line: 17894 {"day":27,"statusTag":"SKD"}
[2026-08-10T23:53:13.299Z] [LOGIC:PARSER] Identified sequence number on line: 17894 {"day":27,"statusTag":"SKD"}
[2026-08-10T23:53:13.299Z] [LOGIC:PARSER] Saving new sequence 17894 {"days":[27,28],"statusTag":"SKD","credit":"6.20"}
[2026-08-10T23:53:13.299Z] [LOGIC:PARSER] Identified sequence number on line: 17270 {"day":30,"statusTag":"SKD"}
[2026-08-10T23:53:13.300Z] [LOGIC:PARSER] Saving new sequence 17270 {"days":[30,31],"statusTag":"SKD","credit":"9.25"}
[2026-08-10T23:53:13.300Z] [LOGIC:PARSER] Starting parseHI1Schedule {"textLength":1028}
[2026-08-10T23:53:13.300Z] [LOGIC:PARSER] Extracted vacations from HI1 {"vacationCount":0}
[2026-08-10T23:53:13.300Z] [LOGIC:PARSER] Saving new sequence SEQ-25 {"days":[25,26],"statusTag":"SKD","credit":"14.52"}
[2026-08-10T23:53:13.300Z] [LOGIC:PARSER] Identified sequence number on line: 17894 {"day":27,"statusTag":"SKD"}
[2026-08-10T23:53:13.301Z] [LOGIC:PARSER] Identified sequence number on line: 17894 {"day":27,"statusTag":"SKD"}
[2026-08-10T23:53:13.301Z] [LOGIC:PARSER] Saving new sequence 17894 {"days":[27,28],"statusTag":"SKD","credit":"6.20"}
[2026-08-10T23:53:13.301Z] [LOGIC:PARSER] Identified sequence number on line: 17270 {"day":30,"statusTag":"SKD"}
[2026-08-10T23:53:13.301Z] [LOGIC:PARSER] Saving new sequence 17270 {"days":[30,31],"statusTag":"SKD","credit":"9.25"}
[2026-08-10T23:53:24.394Z] [LOGIC:PARSER] Starting parseHI1Schedule {"textLength":1032}
[2026-08-10T23:53:24.395Z] [LOGIC:PARSER] Extracted vacations from HI1 {"vacationCount":0}
[2026-08-10T23:53:24.395Z] [LOGIC:PARSER] Saving new sequence SEQ-25 {"days":[25,26],"statusTag":"SKD","credit":"14.52"}
[2026-08-10T23:53:24.395Z] [LOGIC:PARSER] Identified sequence number on line: 17894 {"day":27,"statusTag":"SKD"}
[2026-08-10T23:53:24.396Z] [LOGIC:PARSER] Identified sequence number on line: 17894 {"day":27,"statusTag":"SKD"}
[2026-08-10T23:53:24.396Z] [LOGIC:PARSER] Saving new sequence 17894 {"days":[27,28],"statusTag":"SKD","credit":"6.20"}
[2026-08-10T23:53:24.396Z] [LOGIC:PARSER] Identified sequence number on line: 17270 {"day":30,"statusTag":"SKD"}
[2026-08-10T23:53:24.396Z] [LOGIC:PARSER] Saving new sequence 17270 {"days":[30,31],"statusTag":"SKD","credit":"9.25"}
[2026-08-10T23:53:24.397Z] [LOGIC:PARSER] Starting parseHI1Schedule {"textLength":1032}
[2026-08-10T23:53:24.397Z] [LOGIC:PARSER] Extracted vacations from HI1 {"vacationCount":0}
[2026-08-10T23:53:24.397Z] [LOGIC:PARSER] Saving new sequence SEQ-25 {"days":[25,26],"statusTag":"SKD","credit":"14.52"}
[2026-08-10T23:53:24.397Z] [LOGIC:PARSER] Identified sequence number on line: 17894 {"day":27,"statusTag":"SKD"}
[2026-08-10T23:53:24.397Z] [LOGIC:PARSER] Identified sequence number on line: 17894 {"day":27,"statusTag":"SKD"}
[2026-08-10T23:53:24.398Z] [LOGIC:PARSER] Saving new sequence 17894 {"days":[27,28],"statusTag":"SKD","credit":"6.20"}
[2026-08-10T23:53:24.398Z] [LOGIC:PARSER] Identified sequence number on line: 17270 {"day":30,"statusTag":"SKD"}
[2026-08-10T23:53:24.398Z] [LOGIC:PARSER] Saving new sequence 17270 {"days":[30,31],"statusTag":"SKD","credit":"9.25"}
[2026-08-10T23:53:24.996Z] [LOGIC:PARSER] Starting parseHI1Schedule {"textLength":949}
[2026-08-10T23:53:24.997Z] [LOGIC:PARSER] Extracted vacations from HI1 {"vacationCount":0}
[2026-08-10T23:53:24.997Z] [LOGIC:PARSER] Identified sequence number on line: 17352 {"day":6,"statusTag":"SKD"}
[2026-08-10T23:53:24.997Z] [LOGIC:PARSER] Saving new sequence 17352 {"days":[6,7],"statusTag":"TT","credit":"4.39"}
[2026-08-10T23:53:24.998Z] [LOGIC:PARSER] Starting parseHI1Schedule {"textLength":949}
[2026-08-10T23:53:24.998Z] [LOGIC:PARSER] Extracted vacations from HI1 {"vacationCount":0}
[2026-08-10T23:53:24.998Z] [LOGIC:PARSER] Identified sequence number on line: 17352 {"day":6,"statusTag":"SKD"}
[2026-08-10T23:53:24.998Z] [LOGIC:PARSER] Saving new sequence 17352 {"days":[6,7],"statusTag":"TT","credit":"4.39"}
[2026-08-10T23:53:26.195Z] [LOGIC:PARSER] Starting parseHI1Schedule {"textLength":952}
[2026-08-10T23:53:26.196Z] [LOGIC:PARSER] Extracted vacations from HI1 {"vacationCount":0}
[2026-08-10T23:53:26.196Z] [LOGIC:PARSER] Identified sequence number on line: 17352 {"day":6,"statusTag":"SKD"}
[2026-08-10T23:53:26.196Z] [LOGIC:PARSER] Saving new sequence 17352 {"days":[6,7],"statusTag":"TT","credit":"4.39"}
[2026-08-10T23:53:26.196Z] [LOGIC:PARSER] Starting parseHI1Schedule {"textLength":952}
[2026-08-10T23:53:26.197Z] [LOGIC:PARSER] Extracted vacations from HI1 {"vacationCount":0}
[2026-08-10T23:53:26.197Z] [LOGIC:PARSER] Identified sequence number on line: 17352 {"day":6,"statusTag":"SKD"}
[2026-08-10T23:53:26.197Z] [LOGIC:PARSER] Saving new sequence 17352 {"days":[6,7],"statusTag":"TT","credit":"4.39"}
[2026-08-10T23:53:26.802Z] [LOGIC:PARSER] Starting parseHI1Schedule {"textLength":1079}
[2026-08-10T23:53:26.803Z] [LOGIC:PARSER] Extracted vacations from HI1 {"vacationCount":0}
[2026-08-10T23:53:26.803Z] [LOGIC:PARSER] Identified sequence number on line: 21649 {"day":6,"statusTag":"SKD"}
[2026-08-10T23:53:26.803Z] [LOGIC:PARSER] Sequence transition detected from SEQ-8 to 21649 
[2026-08-10T23:53:26.803Z] [LOGIC:PARSER] Saving new sequence SEQ-8 {"days":[8],"statusTag":"SKD","credit":"14.01"}
[2026-08-10T23:53:26.803Z] [LOGIC:PARSER] Saving new sequence 21649 {"days":[6,7,8],"statusTag":"TT","credit":"17.34"}
[2026-08-10T23:53:26.804Z] [LOGIC:PARSER] Identified sequence number on line: 17475 {"day":11,"statusTag":"SKD"}
[2026-08-10T23:53:26.804Z] [LOGIC:PARSER] Identified sequence number on line: 18080 {"day":11,"statusTag":"SKD"}
[2026-08-10T23:53:26.804Z] [LOGIC:PARSER] Sequence transition detected from 17475 to 18080 
[2026-08-10T23:53:26.805Z] [LOGIC:PARSER] Saving new sequence 17475 {"days":[11,12,13,14],"statusTag":"SKD","credit":"18.22"}
[2026-08-10T23:53:26.805Z] [LOGIC:PARSER] Identified sequence number on line: 18080 {"day":11,"statusTag":"SKD"}
[2026-08-10T23:53:26.805Z] [LOGIC:PARSER] Saving new sequence 18080 {"days":[11,12,13,14],"statusTag":"SKD","credit":"19.56"}
[2026-08-10T23:53:26.805Z] [LOGIC:PARSER] Starting parseHI1Schedule {"textLength":1079}
[2026-08-10T23:53:26.806Z] [LOGIC:PARSER] Extracted vacations from HI1 {"vacationCount":0}
[2026-08-10T23:53:26.806Z] [LOGIC:PARSER] Identified sequence number on line: 21649 {"day":6,"statusTag":"SKD"}
[2026-08-10T23:53:26.806Z] [LOGIC:PARSER] Sequence transition detected from SEQ-8 to 21649 
[2026-08-10T23:53:26.807Z] [LOGIC:PARSER] Saving new sequence SEQ-8 {"days":[8],"statusTag":"SKD","credit":"14.01"}
[2026-08-10T23:53:26.807Z] [LOGIC:PARSER] Saving new sequence 21649 {"days":[6,7,8],"statusTag":"TT","credit":"17.34"}
[2026-08-10T23:53:26.807Z] [LOGIC:PARSER] Identified sequence number on line: 17475 {"day":11,"statusTag":"SKD"}
[2026-08-10T23:53:26.807Z] [LOGIC:PARSER] Identified sequence number on line: 18080 {"day":11,"statusTag":"SKD"}
[2026-08-10T23:53:26.808Z] [LOGIC:PARSER] Sequence transition detected from 17475 to 18080 
[2026-08-10T23:53:26.808Z] [LOGIC:PARSER] Saving new sequence 17475 {"days":[11,12,13,14],"statusTag":"SKD","credit":"18.22"}
[2026-08-10T23:53:26.808Z] [LOGIC:PARSER] Identified sequence number on line: 18080 {"day":11,"statusTag":"SKD"}
[2026-08-10T23:53:26.809Z] [LOGIC:PARSER] Saving new sequence 18080 {"days":[11,12,13,14],"statusTag":"SKD","credit":"19.56"}
[2026-08-10T23:53:27.400Z] [LOGIC:PARSER] Starting parseHI1Schedule {"textLength":1138}
[2026-08-10T23:53:27.400Z] [LOGIC:PARSER] Extracted vacations from HI1 {"vacationCount":0}
[2026-08-10T23:53:27.401Z] [LOGIC:PARSER] Saving new sequence SEQ-12 {"days":[12,13,14],"statusTag":"SKD","credit":"15.37"}
[2026-08-10T23:53:27.401Z] [LOGIC:PARSER] Identified sequence number on line: 21514 {"day":15,"statusTag":"SKD"}
[2026-08-10T23:53:27.401Z] [LOGIC:PARSER] Saving new sequence 21514 {"days":[15],"statusTag":"OT","credit":"5.09"}
[2026-08-10T23:53:27.401Z] [LOGIC:PARSER] Identified sequence number on line: 21614 {"day":17,"statusTag":"SKD"}
[2026-08-10T23:53:27.402Z] [LOGIC:PARSER] Saving new sequence 21614 {"days":[17],"statusTag":"SKD","credit":"7.40"}
[2026-08-10T23:53:27.402Z] [LOGIC:PARSER] Identified sequence number on line: 21614 {"day":17,"statusTag":"SKD"}
[2026-08-10T23:53:27.402Z] [LOGIC:PARSER] Identified sequence number on line: 21596 {"day":18,"statusTag":"OT"}
[2026-08-10T23:53:27.402Z] [LOGIC:PARSER] Sequence transition detected from 21614 to 21596 
[2026-08-10T23:53:27.403Z] [LOGIC:PARSER] Merging additional days into sequence 21614 {"addedDays":[17],"credit":"2.58"}
[2026-08-10T23:53:27.403Z] [LOGIC:PARSER] Identified sequence number on line: 17495 {"day":18,"statusTag":"SKD"}
[2026-08-10T23:53:27.403Z] [LOGIC:PARSER] Sequence transition detected from 21596 to 17495 
[2026-08-10T23:53:27.403Z] [LOGIC:PARSER] Saving new sequence 21596 {"days":[18],"statusTag":"SKD","credit":"1.09"}
[2026-08-10T23:53:27.404Z] [LOGIC:PARSER] Saving new sequence 17495 {"days":[18,19,20,21],"statusTag":"SKD","credit":"17.23"}
[2026-08-10T23:53:27.404Z] [LOGIC:PARSER] Starting parseHI1Schedule {"textLength":1138}
[2026-08-10T23:53:27.404Z] [LOGIC:PARSER] Extracted vacations from HI1 {"vacationCount":0}
[2026-08-10T23:53:27.404Z] [LOGIC:PARSER] Saving new sequence SEQ-12 {"days":[12,13,14],"statusTag":"SKD","credit":"15.37"}
[2026-08-10T23:53:27.404Z] [LOGIC:PARSER] Identified sequence number on line: 21514 {"day":15,"statusTag":"SKD"}
[2026-08-10T23:53:27.404Z] [LOGIC:PARSER] Saving new sequence 21514 {"days":[15],"statusTag":"OT","credit":"5.09"}
[2026-08-10T23:53:27.405Z] [LOGIC:PARSER] Identified sequence number on line: 21614 {"day":17,"statusTag":"SKD"}
[2026-08-10T23:53:27.405Z] [LOGIC:PARSER] Saving new sequence 21614 {"days":[17],"statusTag":"SKD","credit":"7.40"}
[2026-08-10T23:53:27.405Z] [LOGIC:PARSER] Identified sequence number on line: 21614 {"day":17,"statusTag":"SKD"}
[2026-08-10T23:53:27.405Z] [LOGIC:PARSER] Identified sequence number on line: 21596 {"day":18,"statusTag":"OT"}
[2026-08-10T23:53:27.405Z] [LOGIC:PARSER] Sequence transition detected from 21614 to 21596 
[2026-08-10T23:53:27.406Z] [LOGIC:PARSER] Merging additional days into sequence 21614 {"addedDays":[17],"credit":"2.58"}
[2026-08-10T23:53:27.406Z] [LOGIC:PARSER] Identified sequence number on line: 17495 {"day":18,"statusTag":"SKD"}
[2026-08-10T23:53:27.406Z] [LOGIC:PARSER] Sequence transition detected from 21596 to 17495 
[2026-08-10T23:53:27.406Z] [LOGIC:PARSER] Saving new sequence 21596 {"days":[18],"statusTag":"SKD","credit":"1.09"}
[2026-08-10T23:53:27.407Z] [LOGIC:PARSER] Saving new sequence 17495 {"days":[18,19,20,21],"statusTag":"SKD","credit":"17.23"}
[2026-08-10T23:53:27.717Z] [LOGIC:PARSER] Starting parseHI1Schedule {"textLength":1089}
[2026-08-10T23:53:27.717Z] [LOGIC:PARSER] Extracted vacations from HI1 {"vacationCount":0}
[2026-08-10T23:53:27.718Z] [LOGIC:PARSER] Identified sequence number on line: 17495 {"day":18,"statusTag":"SKD"}
[2026-08-10T23:53:27.718Z] [LOGIC:PARSER] Saving new sequence 17495 {"days":[18,19,20,21],"statusTag":"SKD","credit":"19.54"}
[2026-08-10T23:53:27.718Z] [LOGIC:PARSER] Identified sequence number on line: 21566 {"day":23,"statusTag":"SKD"}
[2026-08-10T23:53:27.718Z] [LOGIC:PARSER] Saving new sequence 21566 {"days":[23],"statusTag":"OT","credit":"3.58"}
[2026-08-10T23:53:27.719Z] [LOGIC:PARSER] Identified sequence number on line: 17333 {"day":24,"statusTag":"SKD"}
[2026-08-10T23:53:27.719Z] [LOGIC:PARSER] Identified sequence number on line: 17333 {"day":24,"statusTag":"SKD"}
[2026-08-10T23:53:27.719Z] [LOGIC:PARSER] Saving new sequence 17333 {"days":[24,25,26],"statusTag":"SKD","credit":"3.44"}
[2026-08-10T23:53:27.720Z] [LOGIC:PARSER] Starting parseHI1Schedule {"textLength":1089}
[2026-08-10T23:53:27.720Z] [LOGIC:PARSER] Extracted vacations from HI1 {"vacationCount":0}
[2026-08-10T23:53:27.720Z] [LOGIC:PARSER] Identified sequence number on line: 17495 {"day":18,"statusTag":"SKD"}
[2026-08-10T23:53:27.720Z] [LOGIC:PARSER] Saving new sequence 17495 {"days":[18,19,20,21],"statusTag":"SKD","credit":"19.54"}
[2026-08-10T23:53:27.720Z] [LOGIC:PARSER] Identified sequence number on line: 21566 {"day":23,"statusTag":"SKD"}
[2026-08-10T23:53:27.721Z] [LOGIC:PARSER] Saving new sequence 21566 {"days":[23],"statusTag":"OT","credit":"3.58"}
[2026-08-10T23:53:27.721Z] [LOGIC:PARSER] Identified sequence number on line: 17333 {"day":24,"statusTag":"SKD"}
[2026-08-10T23:53:27.721Z] [LOGIC:PARSER] Identified sequence number on line: 17333 {"day":24,"statusTag":"SKD"}
[2026-08-10T23:53:27.721Z] [LOGIC:PARSER] Saving new sequence 17333 {"days":[24,25,26],"statusTag":"SKD","credit":"3.44"}
[2026-08-10T23:53:27.996Z] [LOGIC:PARSER] Starting parseHI1Schedule {"textLength":1092}
[2026-08-10T23:53:27.997Z] [LOGIC:PARSER] Extracted vacations from HI1 {"vacationCount":0}
[2026-08-10T23:53:27.997Z] [LOGIC:PARSER] Identified sequence number on line: 17495 {"day":18,"statusTag":"SKD"}
[2026-08-10T23:53:27.997Z] [LOGIC:PARSER] Saving new sequence 17495 {"days":[18,19,20,21],"statusTag":"SKD","credit":"19.54"}
[2026-08-10T23:53:27.997Z] [LOGIC:PARSER] Identified sequence number on line: 21566 {"day":23,"statusTag":"SKD"}
[2026-08-10T23:53:27.997Z] [LOGIC:PARSER] Saving new sequence 21566 {"days":[23],"statusTag":"OT","credit":"3.58"}
[2026-08-10T23:53:27.998Z] [LOGIC:PARSER] Identified sequence number on line: 17333 {"day":24,"statusTag":"SKD"}
[2026-08-10T23:53:27.998Z] [LOGIC:PARSER] Identified sequence number on line: 17333 {"day":24,"statusTag":"SKD"}
[2026-08-10T23:53:27.998Z] [LOGIC:PARSER] Saving new sequence 17333 {"days":[24,25,26],"statusTag":"SKD","credit":"3.44"}
[2026-08-10T23:53:27.998Z] [LOGIC:PARSER] Starting parseHI1Schedule {"textLength":1092}
[2026-08-10T23:53:27.998Z] [LOGIC:PARSER] Extracted vacations from HI1 {"vacationCount":0}
[2026-08-10T23:53:27.999Z] [LOGIC:PARSER] Identified sequence number on line: 17495 {"day":18,"statusTag":"SKD"}
[2026-08-10T23:53:27.999Z] [LOGIC:PARSER] Saving new sequence 17495 {"days":[18,19,20,21],"statusTag":"SKD","credit":"19.54"}
[2026-08-10T23:53:27.999Z] [LOGIC:PARSER] Identified sequence number on line: 21566 {"day":23,"statusTag":"SKD"}
[2026-08-10T23:53:27.999Z] [LOGIC:PARSER] Saving new sequence 21566 {"days":[23],"statusTag":"OT","credit":"3.58"}
[2026-08-10T23:53:28.000Z] [LOGIC:PARSER] Identified sequence number on line: 17333 {"day":24,"statusTag":"SKD"}
[2026-08-10T23:53:28.000Z] [LOGIC:PARSER] Identified sequence number on line: 17333 {"day":24,"statusTag":"SKD"}
[2026-08-10T23:53:28.000Z] [LOGIC:PARSER] Saving new sequence 17333 {"days":[24,25,26],"statusTag":"SKD","credit":"3.44"}
[2026-08-10T23:53:28.307Z] [LOGIC:PARSER] Starting parseHI1Schedule {"textLength":1028}
[2026-08-10T23:53:28.308Z] [LOGIC:PARSER] Extracted vacations from HI1 {"vacationCount":0}
[2026-08-10T23:53:28.308Z] [LOGIC:PARSER] Saving new sequence SEQ-25 {"days":[25,26],"statusTag":"SKD","credit":"14.52"}
[2026-08-10T23:53:28.308Z] [LOGIC:PARSER] Identified sequence number on line: 17894 {"day":27,"statusTag":"SKD"}
[2026-08-10T23:53:28.308Z] [LOGIC:PARSER] Identified sequence number on line: 17894 {"day":27,"statusTag":"SKD"}
[2026-08-10T23:53:28.309Z] [LOGIC:PARSER] Saving new sequence 17894 {"days":[27,28],"statusTag":"SKD","credit":"6.20"}
[2026-08-10T23:53:28.309Z] [LOGIC:PARSER] Identified sequence number on line: 17270 {"day":30,"statusTag":"SKD"}
[2026-08-10T23:53:28.309Z] [LOGIC:PARSER] Saving new sequence 17270 {"days":[30,31],"statusTag":"SKD","credit":"9.25"}
[2026-08-10T23:53:28.309Z] [LOGIC:PARSER] Starting parseHI1Schedule {"textLength":1028}
[2026-08-10T23:53:28.310Z] [LOGIC:PARSER] Extracted vacations from HI1 {"vacationCount":0}
[2026-08-10T23:53:28.310Z] [LOGIC:PARSER] Saving new sequence SEQ-25 {"days":[25,26],"statusTag":"SKD","credit":"14.52"}
[2026-08-10T23:53:28.310Z] [LOGIC:PARSER] Identified sequence number on line: 17894 {"day":27,"statusTag":"SKD"}
[2026-08-10T23:53:28.310Z] [LOGIC:PARSER] Identified sequence number on line: 17894 {"day":27,"statusTag":"SKD"}
[2026-08-10T23:53:28.310Z] [LOGIC:PARSER] Saving new sequence 17894 {"days":[27,28],"statusTag":"SKD","credit":"6.20"}
[2026-08-10T23:53:28.311Z] [LOGIC:PARSER] Identified sequence number on line: 17270 {"day":30,"statusTag":"SKD"}
[2026-08-10T23:53:28.311Z] [LOGIC:PARSER] Saving new sequence 17270 {"days":[30,31],"statusTag":"SKD","credit":"9.25"}
[2026-08-10T23:53:28.441Z] [LOGIC:PARSER] Starting parseHI1Schedule {"textLength":5281}
[2026-08-10T23:53:28.441Z] [LOGIC:PARSER] Extracted vacations from HI1 {"vacationCount":0}
[2026-08-10T23:53:28.442Z] [LOGIC:PARSER] Identified sequence number on line: 17352 {"day":6,"statusTag":"SKD"}
[2026-08-10T23:53:28.442Z] [LOGIC:PARSER] Identified sequence number on line: 21649 {"day":6,"statusTag":"TT"}
[2026-08-10T23:53:28.442Z] [LOGIC:PARSER] Sequence transition detected from 17352 to 21649 
[2026-08-10T23:53:28.442Z] [LOGIC:PARSER] Saving new sequence 17352 {"days":[6,7,8],"statusTag":"TT","credit":"14.01"}
[2026-08-10T23:53:28.442Z] [LOGIC:PARSER] Saving new sequence 21649 {"days":[6,7,8],"statusTag":"TT","credit":"17.34"}
[2026-08-10T23:53:28.443Z] [LOGIC:PARSER] Identified sequence number on line: 17475 {"day":11,"statusTag":"SKD"}
[2026-08-10T23:53:28.443Z] [LOGIC:PARSER] Identified sequence number on line: 18080 {"day":11,"statusTag":"SKD"}
[2026-08-10T23:53:28.443Z] [LOGIC:PARSER] Sequence transition detected from 17475 to 18080 
[2026-08-10T23:53:28.443Z] [LOGIC:PARSER] Saving new sequence 17475 {"days":[11,12,13,14],"statusTag":"SKD","credit":"18.22"}
[2026-08-10T23:53:28.444Z] [LOGIC:PARSER] Identified sequence number on line: 18080 {"day":11,"statusTag":"SKD"}
[2026-08-10T23:53:28.444Z] [LOGIC:PARSER] Saving new sequence 18080 {"days":[11,12,13,14],"statusTag":"SKD","credit":"15.37"}
[2026-08-10T23:53:28.444Z] [LOGIC:PARSER] Identified sequence number on line: 21514 {"day":15,"statusTag":"SKD"}
[2026-08-10T23:53:28.444Z] [LOGIC:PARSER] Saving new sequence 21514 {"days":[15],"statusTag":"OT","credit":"5.09"}
[2026-08-10T23:53:28.445Z] [LOGIC:PARSER] Identified sequence number on line: 21614 {"day":17,"statusTag":"SKD"}
[2026-08-10T23:53:28.445Z] [LOGIC:PARSER] Saving new sequence 21614 {"days":[17],"statusTag":"SKD","credit":"7.40"}
[2026-08-10T23:53:28.445Z] [LOGIC:PARSER] Identified sequence number on line: 21614 {"day":17,"statusTag":"SKD"}
[2026-08-10T23:53:28.445Z] [LOGIC:PARSER] Identified sequence number on line: 21596 {"day":18,"statusTag":"OT"}
[2026-08-10T23:53:28.445Z] [LOGIC:PARSER] Sequence transition detected from 21614 to 21596 
[2026-08-10T23:53:28.446Z] [LOGIC:PARSER] Merging additional days into sequence 21614 {"addedDays":[17],"credit":"2.58"}
[2026-08-10T23:53:28.446Z] [LOGIC:PARSER] Identified sequence number on line: 17495 {"day":18,"statusTag":"SKD"}
[2026-08-10T23:53:28.446Z] [LOGIC:PARSER] Sequence transition detected from 21596 to 17495 
[2026-08-10T23:53:28.447Z] [LOGIC:PARSER] Saving new sequence 21596 {"days":[18],"statusTag":"SKD","credit":"1.09"}
[2026-08-10T23:53:28.447Z] [LOGIC:PARSER] Identified sequence number on line: 17495 {"day":18,"statusTag":"SKD"}
[2026-08-10T23:53:28.447Z] [LOGIC:PARSER] Saving new sequence 17495 {"days":[18,19,20,21],"statusTag":"SKD","credit":"19.54"}
[2026-08-10T23:53:28.447Z] [LOGIC:PARSER] Identified sequence number on line: 21566 {"day":23,"statusTag":"SKD"}
[2026-08-10T23:53:28.447Z] [LOGIC:PARSER] Saving new sequence 21566 {"days":[23],"statusTag":"OT","credit":"3.58"}
[2026-08-10T23:53:28.448Z] [LOGIC:PARSER] Identified sequence number on line: 17333 {"day":24,"statusTag":"SKD"}
[2026-08-10T23:53:28.448Z] [LOGIC:PARSER] Identified sequence number on line: 17333 {"day":24,"statusTag":"SKD"}
[2026-08-10T23:53:28.448Z] [LOGIC:PARSER] Saving new sequence 17333 {"days":[24,25,26],"statusTag":"SKD","credit":"14.52"}
[2026-08-10T23:53:28.448Z] [LOGIC:PARSER] Identified sequence number on line: 17894 {"day":27,"statusTag":"SKD"}
[2026-08-10T23:53:28.449Z] [LOGIC:PARSER] Identified sequence number on line: 17894 {"day":27,"statusTag":"SKD"}
[2026-08-10T23:53:28.449Z] [LOGIC:PARSER] Saving new sequence 17894 {"days":[27,28],"statusTag":"SKD","credit":"6.20"}
[2026-08-10T23:53:28.449Z] [LOGIC:PARSER] Identified sequence number on line: 17270 {"day":30,"statusTag":"SKD"}
[2026-08-10T23:53:28.449Z] [LOGIC:PARSER] Saving new sequence 17270 {"days":[30,31],"statusTag":"SKD","credit":"9.25"}
[2026-08-10T23:53:36.095Z] [LOGIC:PARSER] Starting parseHI1Schedule {"textLength":1032}
[2026-08-10T23:53:36.096Z] [LOGIC:PARSER] Extracted vacations from HI1 {"vacationCount":0}
[2026-08-10T23:53:36.096Z] [LOGIC:PARSER] Saving new sequence SEQ-25 {"days":[25,26],"statusTag":"SKD","credit":"14.52"}
[2026-08-10T23:53:36.096Z] [LOGIC:PARSER] Identified sequence number on line: 17894 {"day":27,"statusTag":"SKD"}
[2026-08-10T23:53:36.097Z] [LOGIC:PARSER] Identified sequence number on line: 17894 {"day":27,"statusTag":"SKD"}
[2026-08-10T23:53:36.097Z] [LOGIC:PARSER] Saving new sequence 17894 {"days":[27,28],"statusTag":"SKD","credit":"6.20"}
[2026-08-10T23:53:36.097Z] [LOGIC:PARSER] Identified sequence number on line: 17270 {"day":30,"statusTag":"SKD"}
[2026-08-10T23:53:36.097Z] [LOGIC:PARSER] Saving new sequence 17270 {"days":[30,31],"statusTag":"SKD","credit":"9.25"}
[2026-08-10T23:53:36.098Z] [LOGIC:PARSER] Starting parseHI1Schedule {"textLength":1032}
[2026-08-10T23:53:36.098Z] [LOGIC:PARSER] Extracted vacations from HI1 {"vacationCount":0}
[2026-08-10T23:53:36.098Z] [LOGIC:PARSER] Saving new sequence SEQ-25 {"days":[25,26],"statusTag":"SKD","credit":"14.52"}
[2026-08-10T23:53:36.098Z] [LOGIC:PARSER] Identified sequence number on line: 17894 {"day":27,"statusTag":"SKD"}
[2026-08-10T23:53:36.099Z] [LOGIC:PARSER] Identified sequence number on line: 17894 {"day":27,"statusTag":"SKD"}
[2026-08-10T23:53:36.099Z] [LOGIC:PARSER] Saving new sequence 17894 {"days":[27,28],"statusTag":"SKD","credit":"6.20"}
[2026-08-10T23:53:36.099Z] [LOGIC:PARSER] Identified sequence number on line: 17270 {"day":30,"statusTag":"SKD"}
[2026-08-10T23:53:36.099Z] [LOGIC:PARSER] Saving new sequence 17270 {"days":[30,31],"statusTag":"SKD","credit":"9.25"}
[2026-08-10T23:53:36.394Z] [LOGIC:PARSER] Starting parseHI1Schedule {"textLength":1040}
[2026-08-10T23:53:36.395Z] [LOGIC:PARSER] Extracted vacations from HI1 {"vacationCount":0}
[2026-08-10T23:53:36.395Z] [LOGIC:PARSER] Saving new sequence SEQ-25 {"days":[25,26],"statusTag":"SKD","credit":"14.52"}
[2026-08-10T23:53:36.395Z] [LOGIC:PARSER] Identified sequence number on line: 17894 {"day":27,"statusTag":"SKD"}
[2026-08-10T23:53:36.395Z] [LOGIC:PARSER] Identified sequence number on line: 17894 {"day":27,"statusTag":"SKD"}
[2026-08-10T23:53:36.396Z] [LOGIC:PARSER] Saving new sequence 17894 {"days":[27,28],"statusTag":"SKD","credit":"6.20"}
[2026-08-10T23:53:36.396Z] [LOGIC:PARSER] Identified sequence number on line: 17270 {"day":30,"statusTag":"SKD"}
[2026-08-10T23:53:36.396Z] [LOGIC:PARSER] Saving new sequence 17270 {"days":[30,31],"statusTag":"SKD","credit":"9.25"}
[2026-08-10T23:53:36.396Z] [LOGIC:PARSER] Starting parseHI1Schedule {"textLength":1040}
[2026-08-10T23:53:36.396Z] [LOGIC:PARSER] Extracted vacations from HI1 {"vacationCount":0}
[2026-08-10T23:53:36.397Z] [LOGIC:PARSER] Saving new sequence SEQ-25 {"days":[25,26],"statusTag":"SKD","credit":"14.52"}
[2026-08-10T23:53:36.397Z] [LOGIC:PARSER] Identified sequence number on line: 17894 {"day":27,"statusTag":"SKD"}
[2026-08-10T23:53:36.397Z] [LOGIC:PARSER] Identified sequence number on line: 17894 {"day":27,"statusTag":"SKD"}
[2026-08-10T23:53:36.397Z] [LOGIC:PARSER] Saving new sequence 17894 {"days":[27,28],"statusTag":"SKD","credit":"6.20"}
[2026-08-10T23:53:36.397Z] [LOGIC:PARSER] Identified sequence number on line: 17270 {"day":30,"statusTag":"SKD"}
[2026-08-10T23:53:36.398Z] [LOGIC:PARSER] Saving new sequence 17270 {"days":[30,31],"statusTag":"SKD","credit":"9.25"}
[2026-08-10T23:53:36.693Z] [LOGIC:PARSER] Starting parseHI1Schedule {"textLength":1047}
[2026-08-10T23:53:36.693Z] [LOGIC:PARSER] Extracted vacations from HI1 {"vacationCount":0}
[2026-08-10T23:53:36.694Z] [LOGIC:PARSER] Saving new sequence SEQ-25 {"days":[25,26],"statusTag":"SKD","credit":"14.52"}
[2026-08-10T23:53:36.694Z] [LOGIC:PARSER] Identified sequence number on line: 17894 {"day":27,"statusTag":"SKD"}
[2026-08-10T23:53:36.694Z] [LOGIC:PARSER] Identified sequence number on line: 17894 {"day":27,"statusTag":"SKD"}
[2026-08-10T23:53:36.694Z] [LOGIC:PARSER] Saving new sequence 17894 {"days":[27,28],"statusTag":"SKD","credit":"6.20"}
[2026-08-10T23:53:36.695Z] [LOGIC:PARSER] Identified sequence number on line: 17270 {"day":30,"statusTag":"SKD"}
[2026-08-10T23:53:36.695Z] [LOGIC:PARSER] Saving new sequence 17270 {"days":[30,31],"statusTag":"SKD","credit":"9.25"}
[2026-08-10T23:53:36.695Z] [LOGIC:PARSER] Starting parseHI1Schedule {"textLength":1047}
[2026-08-10T23:53:36.695Z] [LOGIC:PARSER] Extracted vacations from HI1 {"vacationCount":0}
[2026-08-10T23:53:36.696Z] [LOGIC:PARSER] Saving new sequence SEQ-25 {"days":[25,26],"statusTag":"SKD","credit":"14.52"}
[2026-08-10T23:53:36.696Z] [LOGIC:PARSER] Identified sequence number on line: 17894 {"day":27,"statusTag":"SKD"}
[2026-08-10T23:53:36.696Z] [LOGIC:PARSER] Identified sequence number on line: 17894 {"day":27,"statusTag":"SKD"}
[2026-08-10T23:53:36.696Z] [LOGIC:PARSER] Saving new sequence 17894 {"days":[27,28],"statusTag":"SKD","credit":"6.20"}
[2026-08-10T23:53:36.697Z] [LOGIC:PARSER] Identified sequence number on line: 17270 {"day":30,"statusTag":"SKD"}
[2026-08-10T23:53:36.697Z] [LOGIC:PARSER] Saving new sequence 17270 {"days":[30,31],"statusTag":"SKD","credit":"9.25"}
[2026-08-10T23:53:37.296Z] [LOGIC:PARSER] Starting parseHI1Schedule {"textLength":1078}
[2026-08-10T23:53:37.296Z] [LOGIC:PARSER] Extracted vacations from HI1 {"vacationCount":0}
[2026-08-10T23:53:37.297Z] [LOGIC:PARSER] Starting parseHI1Schedule {"textLength":1078}
[2026-08-10T23:53:37.297Z] [LOGIC:PARSER] Extracted vacations from HI1 {"vacationCount":0}
[2026-08-10T23:53:39.693Z] [LOGIC:PARSER] Starting parseHI1Schedule {"textLength":1078}
[2026-08-10T23:53:39.693Z] [LOGIC:PARSER] Extracted vacations from HI1 {"vacationCount":0}
[2026-08-10T23:53:39.693Z] [LOGIC:PARSER] Starting parseHI1Schedule {"textLength":1078}
[2026-08-10T23:53:39.694Z] [LOGIC:PARSER] Extracted vacations from HI1 {"vacationCount":0}
[2026-08-10T23:53:39.995Z] [LOGIC:PARSER] Starting parseHI1Schedule {"textLength":1026}
[2026-08-10T23:53:39.995Z] [LOGIC:PARSER] Extracted vacations from HI1 {"vacationCount":0}
[2026-08-10T23:53:39.996Z] [LOGIC:PARSER] Starting parseHI1Schedule {"textLength":1026}
[2026-08-10T23:53:39.996Z] [LOGIC:PARSER] Extracted vacations from HI1 {"vacationCount":0}
[2026-08-10T23:53:40.302Z] [LOGIC:PARSER] Starting parseHI1Schedule {"textLength":1029}
[2026-08-10T23:53:40.302Z] [LOGIC:PARSER] Extracted vacations from HI1 {"vacationCount":0}
[2026-08-10T23:53:40.302Z] [LOGIC:PARSER] Starting parseHI1Schedule {"textLength":1029}
[2026-08-10T23:53:40.303Z] [LOGIC:PARSER] Extracted vacations from HI1 {"vacationCount":0}
[2026-08-10T23:53:40.592Z] [LOGIC:PARSER] Starting parseHI1Schedule {"textLength":1030}
[2026-08-10T23:53:40.593Z] [LOGIC:PARSER] Extracted vacations from HI1 {"vacationCount":0}
[2026-08-10T23:53:40.593Z] [LOGIC:PARSER] Starting parseHI1Schedule {"textLength":1030}
[2026-08-10T23:53:40.594Z] [LOGIC:PARSER] Extracted vacations from HI1 {"vacationCount":0}
[2026-08-10T23:53:40.892Z] [LOGIC:PARSER] Starting parseHI1Schedule {"textLength":1025}
[2026-08-10T23:53:40.893Z] [LOGIC:PARSER] Extracted vacations from HI1 {"vacationCount":0}
[2026-08-10T23:53:40.893Z] [LOGIC:PARSER] Starting parseHI1Schedule {"textLength":1025}
[2026-08-10T23:53:40.893Z] [LOGIC:PARSER] Extracted vacations from HI1 {"vacationCount":0}
[2026-08-10T23:53:41.156Z] [LOGIC:PARSER] Starting parseHI1Schedule {"textLength":3135}
[2026-08-10T23:53:41.157Z] [LOGIC:PARSER] Extracted vacations from HI1 {"vacationCount":0}
[2026-08-10T23:53:41.157Z] [LOGIC:PARSER] Starting parseHI1Schedule {"textLength":3135}
[2026-08-10T23:53:41.157Z] [LOGIC:PARSER] Extracted vacations from HI1 {"vacationCount":0}
[2026-08-10T23:53:47.363Z] [LOGIC:PARSER] Starting parseHI1Schedule {"textLength":3121}
[2026-08-10T23:53:47.364Z] [LOGIC:PARSER] Extracted vacations from HI1 {"vacationCount":0}
[2026-08-10T23:53:47.364Z] [LOGIC:PARSER] Starting parseHI1Schedule {"textLength":3121}
[2026-08-10T23:53:47.364Z] [LOGIC:PARSER] Extracted vacations from HI1 {"vacationCount":0}
[2026-08-10T23:53:53.658Z] [LOGIC:PARSER] Starting parseHI1Schedule {"textLength":1991}
[2026-08-10T23:53:53.658Z] [LOGIC:PARSER] Extracted vacations from HI1 {"vacationCount":0}
[2026-08-10T23:53:53.658Z] [LOGIC:PARSER] Starting parseHI1Schedule {"textLength":1991}
[2026-08-10T23:53:53.659Z] [LOGIC:PARSER] Extracted vacations from HI1 {"vacationCount":0}
[2026-08-10T23:53:59.966Z] [LOGIC:PARSER] Starting parseHI1Schedule {"textLength":2675}
[2026-08-10T23:53:59.967Z] [LOGIC:PARSER] Extracted vacations from HI1 {"vacationCount":0}
[2026-08-10T23:53:59.967Z] [LOGIC:PARSER] Starting parseHI1Schedule {"textLength":2675}
[2026-08-10T23:53:59.967Z] [LOGIC:PARSER] Extracted vacations from HI1 {"vacationCount":0}
[2026-08-10T23:54:06.311Z] [LOGIC:PARSER] Starting parseHI1Schedule {"textLength":3198}
[2026-08-10T23:54:06.312Z] [LOGIC:PARSER] Extracted vacations from HI1 {"vacationCount":0}
[2026-08-10T23:54:06.312Z] [LOGIC:PARSER] Starting parseHI1Schedule {"textLength":3198}
[2026-08-10T23:54:06.312Z] [LOGIC:PARSER] Extracted vacations from HI1 {"vacationCount":0}
[2026-08-10T23:54:12.660Z] [LOGIC:PARSER] Starting parseHI1Schedule {"textLength":1991}
[2026-08-10T23:54:12.660Z] [LOGIC:PARSER] Extracted vacations from HI1 {"vacationCount":0}
[2026-08-10T23:54:12.660Z] [LOGIC:PARSER] Starting parseHI1Schedule {"textLength":1991}
[2026-08-10T23:54:12.661Z] [LOGIC:PARSER] Extracted vacations from HI1 {"vacationCount":0}
[2026-08-10T23:54:19.009Z] [LOGIC:PARSER] Starting parseHI1Schedule {"textLength":3186}
[2026-08-10T23:54:19.009Z] [LOGIC:PARSER] Extracted vacations from HI1 {"vacationCount":0}
[2026-08-10T23:54:19.010Z] [LOGIC:PARSER] Starting parseHI1Schedule {"textLength":3186}
[2026-08-10T23:54:19.010Z] [LOGIC:PARSER] Extracted vacations from HI1 {"vacationCount":0}
[2026-08-10T23:54:25.334Z] [LOGIC:PARSER] Starting parseHI1Schedule {"textLength":3352}
[2026-08-10T23:54:25.334Z] [LOGIC:PARSER] Extracted vacations from HI1 {"vacationCount":0}
[2026-08-10T23:54:25.334Z] [LOGIC:PARSER] Starting parseHI1Schedule {"textLength":3352}
[2026-08-10T23:54:25.335Z] [LOGIC:PARSER] Extracted vacations from HI1 {"vacationCount":0}
[2026-08-11T01:45:26.511Z] [LOGIC:PARSER] Starting parseHI1Schedule {"textLength":2520}
[2026-08-11T01:45:26.511Z] [LOGIC:PARSER] Extracted vacations from HI1 {"vacationCount":0}
[2026-08-11T01:45:26.511Z] [LOGIC:PARSER] Identified sequence number on line: 17352 {"day":6,"statusTag":"SKD"}
[2026-08-11T01:45:26.512Z] [LOGIC:PARSER] Identified sequence number on line: 21649 {"day":6,"statusTag":"TT"}
[2026-08-11T01:45:26.512Z] [LOGIC:PARSER] Sequence transition detected from 17352 to 21649 
[2026-08-11T01:45:26.512Z] [LOGIC:PARSER] Saving new sequence 17352 {"days":[6,7,8],"statusTag":"TT","credit":"14.01"}
[2026-08-11T01:45:26.512Z] [LOGIC:PARSER] Saving new sequence 21649 {"days":[6,7,8],"statusTag":"TT","credit":"17.34"}
[2026-08-11T01:45:26.513Z] [LOGIC:PARSER] Identified sequence number on line: 17475 {"day":11,"statusTag":"SKD"}
[2026-08-11T01:45:26.513Z] [LOGIC:PARSER] Identified sequence number on line: 18080 {"day":11,"statusTag":"SKD"}
[2026-08-11T01:45:26.513Z] [LOGIC:PARSER] Sequence transition detected from 17475 to 18080 
[2026-08-11T01:45:26.513Z] [LOGIC:PARSER] Saving new sequence 17475 {"days":[11,12,13,14],"statusTag":"SKD","credit":"18.22"}
[2026-08-11T01:45:26.514Z] [LOGIC:PARSER] Identified sequence number on line: 18080 {"day":11,"statusTag":"SKD"}
[2026-08-11T01:45:26.514Z] [LOGIC:PARSER] Saving new sequence 18080 {"days":[11,12,13,14],"statusTag":"SKD","credit":"15.37"}
[2026-08-11T01:45:26.514Z] [LOGIC:PARSER] Identified sequence number on line: 21514 {"day":15,"statusTag":"SKD"}
[2026-08-11T01:45:26.514Z] [LOGIC:PARSER] Saving new sequence 21514 {"days":[15],"statusTag":"OT","credit":"5.09"}
[2026-08-11T01:45:26.515Z] [LOGIC:PARSER] Identified sequence number on line: 21614 {"day":17,"statusTag":"SKD"}
[2026-08-11T01:45:26.515Z] [LOGIC:PARSER] Saving new sequence 21614 {"days":[17],"statusTag":"SKD","credit":"7.27"}
[2026-08-11T01:45:26.515Z] [LOGIC:PARSER] Identified sequence number on line: 21614 {"day":17,"statusTag":"SKD"}
[2026-08-11T01:45:26.515Z] [LOGIC:PARSER] Identified sequence number on line: 21596 {"day":18,"statusTag":"OT"}
[2026-08-11T01:45:26.515Z] [LOGIC:PARSER] Sequence transition detected from 21614 to 21596 
[2026-08-11T01:45:26.516Z] [LOGIC:PARSER] Merging additional days into sequence 21614 {"addedDays":[17],"credit":"2.58"}
[2026-08-11T01:45:26.516Z] [LOGIC:PARSER] Identified sequence number on line: 17495 {"day":18,"statusTag":"SKD"}
[2026-08-11T01:45:26.516Z] [LOGIC:PARSER] Sequence transition detected from 21596 to 17495 
[2026-08-11T01:45:26.516Z] [LOGIC:PARSER] Saving new sequence 21596 {"days":[18],"statusTag":"SKD","credit":"1.09"}
[2026-08-11T01:45:26.516Z] [LOGIC:PARSER] Saving new sequence 17495 {"days":[18,19,20,21],"statusTag":"SKD","credit":"17.23"}
[2026-08-11T01:45:26.517Z] [LOGIC:PARSER] Identified sequence number on line: 21566 {"day":23,"statusTag":"SKD"}
[2026-08-11T01:45:26.517Z] [LOGIC:PARSER] Saving new sequence 21566 {"days":[23],"statusTag":"OT","credit":"3.58"}
[2026-08-11T01:45:26.517Z] [LOGIC:PARSER] Identified sequence number on line: 17333 {"day":24,"statusTag":"SKD"}
[2026-08-11T01:45:26.517Z] [LOGIC:PARSER] Saving new sequence 17333 {"days":[24,25,26],"statusTag":"SKD","credit":"13.33"}
[2026-08-11T01:45:26.518Z] [LOGIC:PARSER] Identified sequence number on line: 17894 {"day":27,"statusTag":"SKD"}
[2026-08-11T01:45:26.518Z] [LOGIC:PARSER] Saving new sequence 17894 {"days":[27,28],"statusTag":"TT","credit":"10.45"}
[2026-08-11T01:45:26.518Z] [LOGIC:PARSER] Identified sequence number on line: 17270 {"day":30,"statusTag":"SKD"}
[2026-08-11T01:45:26.518Z] [LOGIC:PARSER] Saving new sequence 17270 {"days":[30,31],"statusTag":"SKD","credit":"9.25"}
[2026-08-11T01:45:26.518Z] [LOGIC:PARSER] Starting parseHI1Schedule {"textLength":1506}
[2026-08-11T01:45:26.518Z] [LOGIC:PARSER] Extracted vacations from HI1 {"vacationCount":0}
[2026-08-11T01:45:26.519Z] [LOGIC:PARSER] Starting parseHI1Schedule {"textLength":1862}
[2026-08-11T01:45:26.519Z] [LOGIC:PARSER] Extracted vacations from HI1 {"vacationCount":0}
[2026-08-11T01:45:26.519Z] [LOGIC:PARSER] Starting parseHI1Schedule {"textLength":615}
[2026-08-11T01:45:26.519Z] [LOGIC:PARSER] Extracted vacations from HI1 {"vacationCount":0}
[2026-08-11T01:45:26.519Z] [LOGIC:PARSER] Starting parseHI1Schedule {"textLength":835}
[2026-08-11T01:45:26.520Z] [LOGIC:PARSER] Extracted vacations from HI1 {"vacationCount":0}
[2026-08-11T01:45:26.520Z] [LOGIC:PARSER] Starting parseHI1Schedule {"textLength":1859}
[2026-08-11T01:45:26.520Z] [LOGIC:PARSER] Extracted vacations from HI1 {"vacationCount":0}
[2026-08-11T01:45:26.520Z] [LOGIC:PARSER] Starting parseHI1Schedule {"textLength":461}
[2026-08-11T01:45:26.520Z] [LOGIC:PARSER] Extracted vacations from HI1 {"vacationCount":0}
[2026-08-11T01:45:26.521Z] [LOGIC:PARSER] Starting parseHI1Schedule {"textLength":600}
[2026-08-11T01:45:26.521Z] [LOGIC:PARSER] Extracted vacations from HI1 {"vacationCount":0}
[2026-08-11T01:45:26.522Z] [LOGIC:PARSER] Starting parseHI1Schedule {"textLength":673}
[2026-08-11T01:45:26.522Z] [LOGIC:PARSER] Extracted vacations from HI1 {"vacationCount":0}
[2026-08-11T01:45:26.522Z] [LOGIC:PARSER] Starting parseHI1Schedule {"textLength":1951}
[2026-08-11T01:45:26.522Z] [LOGIC:PARSER] Extracted vacations from HI1 {"vacationCount":0}
[2026-08-11T01:45:26.523Z] [LOGIC:PARSER] Starting parseHI1Schedule {"textLength":938}
[2026-08-11T01:45:26.523Z] [LOGIC:PARSER] Extracted vacations from HI1 {"vacationCount":0}
